key	nubKey	canonicalName	first_observed	last_observed	class	kingdom
159748482	1002621	Keratella tropica	1974	1974	Eurotatoria	Animalia
159748469	1007534	Phaeostachys spinifera	1999	2000	Gymnolaemata	Animalia
159748473	1008610	Haplopoma graniferum	1999	2006	Gymnolaemata	Animalia
159748474	1008612	Haplopoma impressum	1999	2006	Gymnolaemata	Animalia
152544653	1010644	Hanseniella caldaria	2018	2018	Symphyla	Animalia
152544645	1013526	Cylindroiulus britannicus	2015	2015	Diplopoda	Animalia
152544627	1031512	Liposcelis brunnea	2018	2018	Insecta	Animalia
152544628	1031520	Liposcelis bostrychophila	2018	2018	Insecta	Animalia
152544630	1031524	Liposcelis paeta	2018	2018	Insecta	Animalia
152544607	1031564	Psoquilla marginepunctata	2018	2018	Insecta	Animalia
152544616	1031677	Trogium pulsatorium	2018	2018	Insecta	Animalia
152544620	1031680	Cerobasis annulata	2018	2018	Insecta	Animalia
152544613	1031685	Lepinotus reticulatus	2018	2018	Insecta	Animalia
152544600	1031743	Dorypteryx pallida	2018	2018	Insecta	Animalia
152544591	1032262	Enderleinellus kumadai	2004	2011	Insecta	Animalia
152544587	1032377	Hoplopleura erismata	2004	2011	Insecta	Animalia
152544545	1043978	Stelidota geminata	2018	2018	Insecta	Animalia
152544520	1319260	Tetraponera allaborans	1980	2018	Insecta	Animalia
152544508	1321805	Pheidole bilimeki	1911	2018	Insecta	Animalia
152544459	1419894	Euborellia annulipes	2016	2018	Insecta	Animalia
152544422	1420197	Aleurodothrips fasciapennis	2018	2018	Insecta	Animalia
152544448	1420612	Scirtothrips longipennis	2018	2018	Insecta	Animalia
152544453	1420765	Chaetanaphothrips orchidii	2018	2018	Insecta	Animalia
152544436	1420769	Aurantothrips orchidaceus	2018	2018	Insecta	Animalia
152544438	1420791	Leucothrips nigripennis	2018	2018	Insecta	Animalia
152544441	1420795	Heliothrips haemorrhoidalis	2018	2018	Insecta	Animalia
152544443	1420828	Hercinothrips bicinctus	2018	2018	Insecta	Animalia
152544445	1420829	Hercinothrips femoralis	2018	2018	Insecta	Animalia
152544431	1420846	Echinothrips americanus	2018	2018	Insecta	Animalia
152544428	1420857	Parthenothrips dracaenae	2018	2018	Insecta	Animalia
152544412	1422818	Pseudagrion microcephalum	2011	2012	Insecta	Animalia
152544332	1650106	Anopheles pharoensis	2017	2018	Insecta	Animalia
152544309	1941864	Paysandisia archon	2011	2011	Insecta	Animalia
159748101	2110811	Mytilicola intestinalis	1950	1950	Hexanauplia	Animalia
159748106	2114326	Eurytemora americana			Hexanauplia	Animalia
159748111	2114446	Acartia tonsa	1952	1952	Hexanauplia	Animalia
159748091	2115724	Balanus trigonus			Maxillopoda	Animalia
152544238	2138649	Mermessus denticulatus	1997	1997	Arachnida	Animalia
152544229	2140406	Triaeris stenaspis	2018	2018	Arachnida	Animalia
152544246	2141241	Callobius nomeus	2014	2014	Arachnida	Animalia
152544257	2145078	Macrothele calpeiana	2008	2014	Arachnida	Animalia
152544253	2148040	Thanatus vulgaris	1999	1999	Arachnida	Animalia
152544202	2149847	Spermophora senoculata	1998	1998	Arachnida	Animalia
152544210	2149911	Pholcus	2015	2015	Arachnida	Animalia
152544212	2149992	Pholcus opilionoides	2003	2006	Arachnida	Animalia
152544221	2152822	Phoneutria nigriventer	1986	1987	Arachnida	Animalia
152544179	2153442	Brachypelma albopilosum	1986	1986	Arachnida	Animalia
152544182	2153712	Grammostola rosea	2008	2008	Arachnida	Animalia
152544186	2153759	Phormictopus cancerides	2008	2008	Arachnida	Animalia
152544188	2153791	Chaetopelma olivaceum	2011	2011	Arachnida	Animalia
152544194	2155557	Selenops radiatus	2004	2004	Arachnida	Animalia
152544145	2155807	Euryopis episinoides	2002	2002	Arachnida	Animalia
152544152	2157278	Steatoda paykulliana	1999	2002	Arachnida	Animalia
152544161	2157335	Hadrotarsus ornatus	1999	1999	Arachnida	Animalia
152544167	2157928	Latrodectus hasselti	1999	1999	Arachnida	Animalia
152544170	2157942	Latrodectus hesperus	2013	2013	Arachnida	Animalia
152544168	2157944	Latrodectus geometricus	2006	2006	Arachnida	Animalia
152544141	2157984	Nesticodes rufipes	2004	2004	Arachnida	Animalia
152544093	2158821	Neoscona nautica	2001	2001	Arachnida	Animalia
152544085	2161467	Cerbalus	2000	2000	Arachnida	Animalia
152544084	2161911	Nolavia	2016	2016	Arachnida	Animalia
152544081	2162003	Olios	2011	2011	Arachnida	Animalia
152544083	2162049	Olios argelasius	2011	2011	Arachnida	Animalia
152544070	2162464	Uroctea durandi	2018	2018	Arachnida	Animalia
152544075	2162525	Oecobius amboseli	2007	2013	Arachnida	Animalia
152544131	2164194	Cheiracanthium furculatum	2013	2013	Arachnida	Animalia
152544126	2169430	Macaroeris nidicolens	2006	2013	Arachnida	Animalia
152544118	2171214	Plexippus paykulli	2001	2001	Arachnida	Animalia
152544122	2172103	Heliophanus kochii	2006	2006	Arachnida	Animalia
152544112	2172282	Pellenes geniculatus	2001	2001	Arachnida	Animalia
152544108	2174528	Saitis barbipes	2006	2013	Arachnida	Animalia
152544105	2176168	Phidippus	2009	2009	Arachnida	Animalia
152543907	2202786	Synarmadillo	2015	2018	Malacostraca	Animalia
152543929	2204831	Synidotea laticauda	2005	2016	Malacostraca	Animalia
159747996	2228667	Sinelobus stanfordi			Malacostraca	Animalia
159747969	2266521	Garveia franciscana	1962	1962	Hydrozoa	Animalia
152543820	2284443	Mastophorus	2004	2011	Secernentea	Animalia
152543744	2286079	Crassostrea virginica	1960	2017	Bivalvia	Animalia
152543768	2288847	Teredo navalis	1730	1732	Bivalvia	Animalia
152543766	2288859	Psiloteredo megotara	1600	2016	Bivalvia	Animalia
157092291	2294131	Allopeas clavulinum	2003	2003	Gastropoda	Animalia
157092310	2295425	Zonitoides arboreus	2003	2003	Gastropoda	Animalia
157092301	2296801	Cernuella virgata	1867	1867	Gastropoda	Animalia
152543656	2296805	Trochoidea elegans	1976	2018	Gastropoda	Animalia
152543699	2308541	Limnodrilus cervix	2009	2016	Clitellata	Animalia
152543695	2308605	Potamothrix vejdovskyi	2009	2016	Clitellata	Animalia
159747758	2320810	Boccardia proboscidea	2011	2011	Polychaeta	Animalia
159747756	2320998	Boccardiella hamata	2011	2011	Polychaeta	Animalia
152543510	2351064	Coregonus nasus			Actinopterygii	Animalia
152543513	2351136	Coregonus peled	1978	2017	Actinopterygii	Animalia
152543512	2351211	Coregonus lavaretus	1978	2017	Actinopterygii	Animalia
152543517	2351413	Hucho hucho	1954	2017	Actinopterygii	Animalia
152543540	2360504	Vimba vimba	2001	2017	Actinopterygii	Animalia
152543535	2367033	Ballerus ballerus	2016	2018	Actinopterygii	Animalia
152543455	2394563	Micropterus salmoides	1877	2017	Actinopterygii	Animalia
159747656	2399874	Micropogonias undulatus	1998	1998	Actinopterygii	Animalia
152543332	2433536	Nasua nasua	2007	2018	Mammalia	Animalia
152543348	2435451	Sarcophilus harrisii	2007	2018	Mammalia	Animalia
152543358	2436886	Sylvilagus floridanus	1950	2017	Mammalia	Animalia
159747497	2474937	Anthropoides paradiseus	2016	2016	Aves	Animalia
159747494	2474942	Grus vipio	2011	2011	Aves	Animalia
159747442	2475679	Ceryle rudis			Aves	Animalia
159747388	2479308	Platycercus adscitus	2012	2012	Aves	Animalia
159747414	2479550	Agapornis roseicollis	1983	2016	Aves	Animalia
159747348	2481875	Phalacrocorax auritus			Aves	Animalia
159747335	2482499	Corvus splendens			Aves	Animalia
159747259	2489073	Lamprotornis nitens	2018	2018	Aves	Animalia
159746967	2495695	Streptopelia risoria			Aves	Animalia
159747007	2498071	Anas hottentota			Aves	Animalia
159747024	2498104	Anas gibberifrons	2011	2011	Aves	Animalia
159747018	2498109	Anas laysanensis	2012	2012	Aves	Animalia
159747030	2498131	Anas puna	2012	2012	Aves	Animalia
159747040	2498283	Cairina moschata			Aves	Animalia
152543192	2502938	Bipalium kewense	2018	2018		Animalia
152543197	2513609	Entyloma calendulae	1900	1902	Exobasidiomycetes	Fungi
152543187	2514966	Puccinia sorghi	1997	1997	Pucciniomycetes	Fungi
152543183	2515236	Puccinia antirrhini	1947	1947	Pucciniomycetes	Fungi
152543181	2515351	Puccinia oxalidis			Pucciniomycetes	Fungi
152543166	2516117	Gymnosporangium confusum	1879	1882	Pucciniomycetes	Fungi
152543157	2516419	Tranzschelia discolor	2000	2005	Pucciniomycetes	Fungi
152543128	2557730	Sporisorium destruens	1899	2018	Ustilaginomycetes	Fungi
152543209	2627503	Batrachochytrium dendrobatidis	2018	2018	Chytridiomycetes	Fungi
152547170	2700646	Juncus pallescens	1893	1911	Liliopsida	Plantae
152547172	2701118	Juncus subsecundus	1921	1921	Liliopsida	Plantae
152547171	2701304	Juncus radula	1916	1916	Liliopsida	Plantae
152547166	2701618	Juncus imbricatus	1911	1911	Liliopsida	Plantae
152547002	2702527	Eriochloa procera	1899	1947	Liliopsida	Plantae
152547003	2702529	Eriochloa villosa	2016	2016	Liliopsida	Plantae
152547014	2702862	Ehrharta longiflora	1911	1911	Liliopsida	Plantae
152547018	2703077	Chasmanthium latifolium	1949	1949	Liliopsida	Plantae
152547005	2703109	Melica altissima	1888	1888	Liliopsida	Plantae
152546957	2703682	Bromus briziformis	1922	1922	Liliopsida	Plantae
152546958	2703686	Bromus marginatus	1930	1930	Liliopsida	Plantae
152546952	2703696	Bromus alopecuros	1958	1958	Liliopsida	Plantae
152546955	2703704	Bromus danthoniae	1954	1955	Liliopsida	Plantae
152546964	2703720	Bromus scoparius	1827	1954	Liliopsida	Plantae
152546959	2703731	Bromus brevis	1902	1949	Liliopsida	Plantae
152546951	2703765	Bromus arenarius	1898	1898	Liliopsida	Plantae
152546979	2703892	Enneapogon desvauxii	1912	1912	Liliopsida	Plantae
152546986	2704068	Brachiaria eruciformis	1947	1949	Liliopsida	Plantae
152546982	2704112	Bothriochloa decipiens	1947	1947	Liliopsida	Plantae
152546969	2704234	Poa alpina	1850	1850	Liliopsida	Plantae
152546974	2704341	Schismus barbatus	1836	2010	Liliopsida	Plantae
152547088	2704664	Eremopyrum bonaepartis	1954	1954	Liliopsida	Plantae
152547085	2704778	Sporobolus elongatus	1951	1951	Liliopsida	Plantae
152547105	2704966	Festuca valesiaca	1824	2018	Liliopsida	Plantae
152547097	2705066	Panicum hirticaule	1969	1969	Liliopsida	Plantae
152547098	2705092	Panicum coloratum	1901	1986	Liliopsida	Plantae
159747675	2705106	Panicum bulbosum	1949	1949	Liliopsida	Plantae
152547100	2705141	Panicum antidotale	1895	1950	Liliopsida	Plantae
152547066	2705341	Eragrostis atrovirens	1948	1948	Liliopsida	Plantae
152547067	2705350	Eragrostis plana	1911	1948	Liliopsida	Plantae
152547068	2705362	Eragrostis elongata	1911	1925	Liliopsida	Plantae
152547074	2705373	Eragrostis ciliaris	1897	1897	Liliopsida	Plantae
152547076	2705422	Eragrostis leptostachya	1911	1932	Liliopsida	Plantae
152547071	2705431	Eragrostis barrelieri	1948	1949	Liliopsida	Plantae
152547069	2705452	Eragrostis bahiensis	1921	1947	Liliopsida	Plantae
152547020	2705737	Oplismenus hirtellus	1901	1901	Liliopsida	Plantae
159747595	2705851	Brachiaria mutica	1950	1950	Liliopsida	Plantae
152547139	2706003	Phleum subulatum	1895	1953	Liliopsida	Plantae
152547152	2706067	Hordeum bulbosum	1889	1889	Liliopsida	Plantae
152547150	2706070	Hordeum pusillum	1893	1893	Liliopsida	Plantae
152547110	2706195	Milium vernale	1844	1948	Liliopsida	Plantae
152547115	2706277	Aristida adscensionis	1939	1947	Liliopsida	Plantae
152547128	2706301	Coix lacryma-jobi	1959	1959	Liliopsida	Plantae
152547126	2706414	Triticum compactum	1901	1954	Liliopsida	Plantae
152547131	2706526	Agrostis exarata	1990	1990	Liliopsida	Plantae
152546759	2708808	Fimbristylis dichotoma	1911	1911	Liliopsida	Plantae
152546752	2713519	Cyperus rigens	1949	1949	Liliopsida	Plantae
152546751	2713662	Cyperus aggregatus	1887	1887	Liliopsida	Plantae
152546750	2714233	Cyperus imbricatus	1947	1947	Liliopsida	Plantae
152546749	2714301	Cyperus conglomeratus	1947	1947	Liliopsida	Plantae
152546747	2714656	Cyperus congestus	1886	2008	Liliopsida	Plantae
152546746	2714722	Cyperus reflexus	1887	1892	Liliopsida	Plantae
152546745	2714796	Cyperus difformis	1911	1947	Liliopsida	Plantae
152546757	2715206	Cyperus exaltatus	1911	1947	Liliopsida	Plantae
152546753	2716420	Cyperus virens	1947	1947	Liliopsida	Plantae
152546606	2742119	Veratrum album	1835	1893	Liliopsida	Plantae
152546614	2752849	Erythronium dens-canis	1955	1955	Liliopsida	Plantae
152546723	2764202	Commelina diffusa	1997	1997	Liliopsida	Plantae
152546724	2764337	Commelina obliqua	1999	2000	Liliopsida	Plantae
152546722	2764454	Commelina coelestis	1999	2008	Liliopsida	Plantae
152546703	2769073	Camassia leichtlinii suksdorfii	2013	2017	Liliopsida	Plantae
152546701	2769435	Maianthemum dilatatum	2013	2013	Liliopsida	Plantae
152546618	2771094	Hosta	2005	2017	Liliopsida	Plantae
152546656	2855374	Galanthus ikariae	1984	1984	Liliopsida	Plantae
152546646	2855825	Allium moly	1885	1885	Liliopsida	Plantae
152546644	2856504	Allium fistulosum	1850	1850	Liliopsida	Plantae
152546652	2856920	Allium hollandicum	2012	2016	Liliopsida	Plantae
152546653	2857449	Allium ramosum	2010	2014	Liliopsida	Plantae
152546583	2868796	Zantedeschia albomaculata	2011	2011	Liliopsida	Plantae
152546215	2874019	Aristolochia rotunda	1952	1952	Magnoliopsida	Plantae
152546098	2874701	Tamarix canariensis	1946	1946	Magnoliopsida	Plantae
152546272	2888588	Viburnum rhytidophylloides	2013	2016	Magnoliopsida	Plantae
159749116	2888870	Rumex spinosus	1886	1994	Magnoliopsida	Plantae
152546152	2888948	Rumex alpinus	1997	1997	Magnoliopsida	Plantae
152546154	2888987	Rumex obovatus	1940	1949	Magnoliopsida	Plantae
152546146	2889024	Rumex confusus	2011	2017	Magnoliopsida	Plantae
152546147	2889030	Rumex altissimus	1903	1909	Magnoliopsida	Plantae
152545298	2891617	Erodium brachycarpum	1903	1953	Magnoliopsida	Plantae
152545265	2908428	Galium divaricatum	1900	2008	Magnoliopsida	Plantae
152545267	2914501	Galium tenuissimum	1906	1953	Magnoliopsida	Plantae
152545263	2914754	Galium verrucosum	1904	1909	Magnoliopsida	Plantae
152545255	2916767	Asperula tinctoria	1835	1922	Magnoliopsida	Plantae
152545257	2916822	Asperula laevigata	1823	1854	Magnoliopsida	Plantae
152545258	2916975	Asperula taurina	1861	1924	Magnoliopsida	Plantae
152545795	2925492	Verbena supina	1947	1947	Magnoliopsida	Plantae
152545798	2925515	Verbena halei	1921	1940	Magnoliopsida	Plantae
152545799	2925518	Verbena brasiliensis	1993	1993	Magnoliopsida	Plantae
152545539	2925754	Lappula marginata	1880	1896	Magnoliopsida	Plantae
152545543	2925790	Heliotropium amplexicaule	1890	1890	Magnoliopsida	Plantae
152545536	2925877	Amsinckia tessellata	1877	1953	Magnoliopsida	Plantae
152545522	2926041	Nonea rosea	1828	1828	Magnoliopsida	Plantae
152545768	2927030	Salvia aethiopis	1835	1910	Magnoliopsida	Plantae
152545750	2927075	Elsholtzia ciliata	1996	2000	Magnoliopsida	Plantae
152545756	2927224	Dracocephalum thymiflorum	1893	2017	Magnoliopsida	Plantae
152545020	2927484	Cuscuta suaveolens	1976	1976	Magnoliopsida	Plantae
152545021	2927522	Cuscuta planiflora	1895	1895	Magnoliopsida	Plantae
152545482	2928153	Phacelia purshii	1893	1893	Magnoliopsida	Plantae
152545008	2928624	Ipomoea hederifolia	1915	1915	Magnoliopsida	Plantae
152544968	2928766	Nicotiana longiflora	1895	1910	Magnoliopsida	Plantae
152544995	2932501	Solanum pygmaeum	1902	1915	Magnoliopsida	Plantae
152544997	2932905	Salpiglossis sinuata	1978	2001	Magnoliopsida	Plantae
159748507	2940408	Cytisophyllum sessilifolium	1949	1949	Magnoliopsida	Plantae
152545230	2949235	Aeschynomene americana	2003	2003	Magnoliopsida	Plantae
152545231	2949250	Aeschynomene indica	1999	1999	Magnoliopsida	Plantae
152545193	2957966	Senna occidentalis	1998	2005	Magnoliopsida	Plantae
152545199	2959124	Dorycnium hirsutum	2004	2004	Magnoliopsida	Plantae
152545198	2959128	Dorycnium pentaphyllum	1903	1903	Magnoliopsida	Plantae
152545212	2965209	Medicago murex	1923	1995	Magnoliopsida	Plantae
152545216	2965226	Medicago monantha	1885	1955	Magnoliopsida	Plantae
152545214	2965233	Medicago fischeriana	1902	1904	Magnoliopsida	Plantae
152545223	2965406	Medicago intertexta intertexta	1858	1940	Magnoliopsida	Plantae
152545224	2965409	Medicago intertexta ciliaris	1947	1948	Magnoliopsida	Plantae
152545209	2965459	Medicago doliata	1894	1940	Magnoliopsida	Plantae
152545210	2965461	Medicago turbinata	1882	1882	Magnoliopsida	Plantae
152545152	2970619	Sesbania cannabina	1949	1949	Magnoliopsida	Plantae
152545160	2971068	Melilotus wolgicus	1958	1958	Magnoliopsida	Plantae
152545155	2971107	Melilotus messanensis	1948	1948	Magnoliopsida	Plantae
159748521	2972868	Onobrychis caput-gallii	1907	1907	Magnoliopsida	Plantae
152545184	2974826	Vicia hyrcanica	2000	2000	Magnoliopsida	Plantae
152545178	2974876	Vicia assyriaca	1960	1960	Magnoliopsida	Plantae
152545177	2974887	Vicia ervilia	1824	1963	Magnoliopsida	Plantae
152545174	2974936	Vicia villosa eriocarpa	1877	1934	Magnoliopsida	Plantae
152545173	2974946	Vicia dumetorum	1835	1969	Magnoliopsida	Plantae
152545176	2975097	Vicia noeana	2000	2000	Magnoliopsida	Plantae
152545168	2975393	Vicia sicula	1920	1920	Magnoliopsida	Plantae
152545145	2977234	Ononis natrix	1881	1992	Magnoliopsida	Plantae
152545140	2983965	Halimodendron halodendron	1953	1953	Magnoliopsida	Plantae
152544925	2987948	Neillia tanakae	2012	2012	Magnoliopsida	Plantae
152544886	3001270	Malus purpurea	2010	2014	Magnoliopsida	Plantae
152544876	3002263	Rosa majalis	1850	1920	Magnoliopsida	Plantae
152544877	3002372	Rosa blanda	1861	1939	Magnoliopsida	Plantae
152544822	3025731	Cotoneaster moupinensis	2010	2010	Magnoliopsida	Plantae
152544820	3025769	Cotoneaster lucidus	2011	2011	Magnoliopsida	Plantae
152544830	3025935	Cotoneaster nanshan	2010	2015	Magnoliopsida	Plantae
152544831	3025944	Cotoneaster mairei	2010	2010	Magnoliopsida	Plantae
152544828	3025989	Cotoneaster ganghobaensis	2011	2013	Magnoliopsida	Plantae
152544846	3026167	Cotoneaster boisianus	2011	2018	Magnoliopsida	Plantae
152544845	3026168	Cotoneaster laetevirens	2017	2017	Magnoliopsida	Plantae
152544866	3026431	Spiraea hypericifolia	1885	1911	Magnoliopsida	Plantae
152544865	3027355	Spiraea macrothyrsa	1948	2015	Magnoliopsida	Plantae
152544851	3028431	Alchemilla conjuncta	1830	1884	Magnoliopsida	Plantae
152546338	3033289	Trollius europaeus	1852	1952	Magnoliopsida	Plantae
152546350	3033584	Clematis jackmanii	2009	2013	Magnoliopsida	Plantae
152546377	3033898	Berberis ottawensis	1959	2017	Magnoliopsida	Plantae
152544624	3034552	Bupleurum odontites	1906	2015	Magnoliopsida	Plantae
152544475	3036169	Hedera maroccana	2010	2010	Magnoliopsida	Plantae
152544480	3036958	Aralia racemosa	1972	1972	Magnoliopsida	Plantae
152544478	3037015	Aralia cordata	1915	1948	Magnoliopsida	Plantae
152545410	3040923	Conringia austriaca	1893	1893	Magnoliopsida	Plantae
152545404	3041109	Cordylocarpus muricatus	1950	1950	Magnoliopsida	Plantae
152545393	3042889	Brassica elongata integrifolia	1886	1912	Magnoliopsida	Plantae
152545437	3044201	Descurainia incisa	1893	1893	Magnoliopsida	Plantae
152545432	3044743	Alyssum desertorum	1864	1910	Magnoliopsida	Plantae
152545431	3045006	Alyssum hirsutum	1879	1879	Magnoliopsida	Plantae
152545427	3045193	Alyssum strigosum	1909	1909	Magnoliopsida	Plantae
152545424	3046092	Cardamine parviflora	1850	1850	Magnoliopsida	Plantae
152545417	3046778	Sisymbrium septulatum	1954	1954	Magnoliopsida	Plantae
152545415	3046839	Sisymbrium runcinatum	2004	2004	Magnoliopsida	Plantae
152545414	3046850	Sisymbrium strictissimum	1857	1924	Magnoliopsida	Plantae
152545466	3047633	Sinapis alba dissecta	1882	1951	Magnoliopsida	Plantae
152545461	3048288	Erysimum diffusum	1877	1896	Magnoliopsida	Plantae
152545462	3048532	Erysimum marshallii	2000	2000	Magnoliopsida	Plantae
152545453	3051213	Boreava orientalis	1909	1932	Magnoliopsida	Plantae
152545439	3053950	Enarthrocarpus lyratus	1892	1893	Magnoliopsida	Plantae
152546431	3056259	Acalypha indica	2003	2003	Magnoliopsida	Plantae
152546433	3060710	Manihot grahamii	2017	2017	Magnoliopsida	Plantae
152546443	3066482	Euphorbia peplis	1878	1878	Magnoliopsida	Plantae
152546449	3067869	Euphorbia chamaesyce	2000	2000	Magnoliopsida	Plantae
152546451	3068528	Euphorbia pseudoesula	1960	1960	Magnoliopsida	Plantae
152546454	3070346	Euphorbia nutans	1995	1995	Magnoliopsida	Plantae
152546459	3079631	Andrachne telephioides	1947	1947	Magnoliopsida	Plantae
152545960	3083603	Polycnemum arvense	1835	1903	Magnoliopsida	Plantae
152545964	3083657	Atriplex oblongifolia	1850	1850	Magnoliopsida	Plantae
152545967	3083667	Atriplex semibaccata	1947	1947	Magnoliopsida	Plantae
152545972	3083746	Atriplex holocarpa	1906	1906	Magnoliopsida	Plantae
152545970	3083763	Atriplex sibirica	1967	1967	Magnoliopsida	Plantae
152545973	3083771	Atriplex suberecta	1903	1954	Magnoliopsida	Plantae
152545974	3083773	Atriplex muelleri	1947	1951	Magnoliopsida	Plantae
152545987	3083905	Chenopodium suecicum	1971	1971	Magnoliopsida	Plantae
152546002	3084616	Glinus lotoides	1911	1911	Magnoliopsida	Plantae
159749078	3084693	Calandrinia ciliata	1956	1956	Magnoliopsida	Plantae
152546028	3084883	Sesuvium portulacastrum	1907	1907	Magnoliopsida	Plantae
152545994	3084922	Alternanthera paronychioides	1911	1911	Magnoliopsida	Plantae
152545996	3084949	Alternanthera pungens	1949	1949	Magnoliopsida	Plantae
152545997	3084958	Alternanthera caracasana	1947	1948	Magnoliopsida	Plantae
152546087	3085435	Cerastium dichotomum	1954	1955	Magnoliopsida	Plantae
152546085	3085622	Petrorhagia nanteuilii	1992	1992	Magnoliopsida	Plantae
152544415	3088405	Leucanthemella serotina	1928	1955	Magnoliopsida	Plantae
152544404	3088652	Guizotia schimperi	2015	2015	Magnoliopsida	Plantae
152544419	3092125	Acmella	1955	1955	Magnoliopsida	Plantae
152544368	3092604	Leysera tenella	1911	1911	Magnoliopsida	Plantae
152544355	3093891	Hypochaeris microcephala	1895	1895	Magnoliopsida	Plantae
152544381	3094899	Onopordum macracanthum	1973	1973	Magnoliopsida	Plantae
152544373	3095938	Conyzigeron huelsenii	2008	2008	Magnoliopsida	Plantae
152544336	3098176	Calotis hispidula	1898	1949	Magnoliopsida	Plantae
152544338	3098183	Calotis lappulacea	1902	1940	Magnoliopsida	Plantae
152544349	3100344	Podolepis auriculata	1899	1899	Magnoliopsida	Plantae
152544343	3100968	Pseudognaphalium undulatum	1893	1906	Magnoliopsida	Plantae
152544300	3103180	Gamochaeta antillanum	1901	1911	Magnoliopsida	Plantae
152544323	3103817	Matricaria aurea	2017	2017	Magnoliopsida	Plantae
152544312	3104078	Heteranthemis viscidehirta	1954	1954	Magnoliopsida	Plantae
152544274	3107177	Senecio pterophorus	1892	1908	Magnoliopsida	Plantae
152544282	3107663	Erechtites quadridentata	1893	1893	Magnoliopsida	Plantae
152544273	3107896	Senecio gallicus	1850	1850	Magnoliopsida	Plantae
152544285	3108123	Erechtites glossantha	1893	1893	Magnoliopsida	Plantae
152544292	3110041	Amphiachyris dracunculoides	1991	1991	Magnoliopsida	Plantae
152544222	3110293	Facelis retusa	1895	1895	Magnoliopsida	Plantae
152544239	3112098	Cotula turbinata	1947	1951	Magnoliopsida	Plantae
152544235	3112123	Cotula anthemoides	1896	1896	Magnoliopsida	Plantae
152544191	3114343	Athanasia trifurcata	1909	1912	Magnoliopsida	Plantae
152544203	3114679	Carduus hamulosus	1876	1877	Magnoliopsida	Plantae
152544130	3115131	Sinacalia tangutica	2004	2004	Magnoliopsida	Plantae
152544154	3119191	Helianthus debilis	1911	1954	Magnoliopsida	Plantae
152544153	3119219	Helianthus salicifolius	1952	1952	Magnoliopsida	Plantae
152544045	3120066	Achillea setacea	1885	1886	Magnoliopsida	Plantae
152544026	3121668	Artemisia austriaca	1944	1957	Magnoliopsida	Plantae
152544016	3122190	Amberboa moschata	1952	1952	Magnoliopsida	Plantae
152544087	3123300	Pilosella fuscoatra	2006	2006	Magnoliopsida	Plantae
152544073	3125765	Stuartina muelleri	1906	1914	Magnoliopsida	Plantae
152544069	3125901	Sigesbeckia orientalis	1940	1948	Magnoliopsida	Plantae
152544065	3125944	Santolina rosmarinifolia	1912	1912	Magnoliopsida	Plantae
152544062	3126046	Erigeron pampeanus	1911	1911	Magnoliopsida	Plantae
152543979	3127691	Centaurea benedicta	1886	1953	Magnoliopsida	Plantae
152543971	3127837	Centaurea hyalolepis	1954	1955	Magnoliopsida	Plantae
152543970	3128007	Centaurea orientalis	1893	1894	Magnoliopsida	Plantae
152543963	3128279	Centaurea calocephala	2014	2014	Magnoliopsida	Plantae
152543969	3128437	Centaurea glaberrima	1850	1850	Magnoliopsida	Plantae
152543997	3133702	Adenostyles alliariae	1971	1971	Magnoliopsida	Plantae
152543990	3137629	Rhodanthe floribunda	1894	1894	Magnoliopsida	Plantae
159748874	3137686	Rhodanthe stricta	1891	1891	Magnoliopsida	Plantae
152543908	3137829	Psephellus dealbatus	1944	2014	Magnoliopsida	Plantae
152543898	3140910	Madia sativa	1941	1941	Magnoliopsida	Plantae
152543893	3141046	Centromadia pungens	1922	1922	Magnoliopsida	Plantae
152543930	3141571	Mantisalca salmantica	1877	1890	Magnoliopsida	Plantae
152543935	3142974	Doronicum excelsum	1867	2018	Magnoliopsida	Plantae
159748887	3145375	Deinandra fasciculata	1922	1922	Magnoliopsida	Plantae
152543874	3147913	Verbesina encelioides	1950	1959	Magnoliopsida	Plantae
152543867	3148548	Anacyclus valentinus	1913	1932	Magnoliopsida	Plantae
152544394	3151666	Symphyotrichum racemosum	1947	1947	Magnoliopsida	Plantae
152546256	3152723	Sidalcea candida	1920	1929	Magnoliopsida	Plantae
152545617	3170878	Scrophularia lanceolata	1901	1901	Magnoliopsida	Plantae
152545624	3171946	Verbascum sinuatum	1831	1949	Magnoliopsida	Plantae
152545685	3172066	Veronica campylopoda	1955	1955	Magnoliopsida	Plantae
152545568	3172127	Calceolaria chelidonioides	1941	1995	Magnoliopsida	Plantae
152545583	3172343	Fraxinus latifolia	2008	2009	Magnoliopsida	Plantae
152545600	3172647	Ibicella lutea	1894	1992	Magnoliopsida	Plantae
152543405	3188735	Lythrum virgatum	1953	2001	Magnoliopsida	Plantae
152543476	3188838	Oenothera perennis	1943	1943	Magnoliopsida	Plantae
152543478	3188867	Oenothera laciniata	1893	1909	Magnoliopsida	Plantae
152543480	3188875	Oenothera rosea	1835	1870	Magnoliopsida	Plantae
152543485	3188889	Oenothera angustissima	1860	1884	Magnoliopsida	Plantae
152545671	3189723	Plantago ovata	1906	1956	Magnoliopsida	Plantae
152545673	3189760	Plantago heterophylla	1895	1895	Magnoliopsida	Plantae
152543351	3189935	Cardiospermum grandiflorum	1959	1959	Magnoliopsida	Plantae
152543306	3190551	Rhus pulvinata	1983	2015	Magnoliopsida	Plantae
152545886	3190845	Drosera linearis	2006	2006	Magnoliopsida	Plantae
152543102	3202936	Aphanomyces astaci	2018	2018	Peronosporea	Chromista
152543176	3376286	Puccinia pazschkei	1895	1895	Pucciniomycetes	Fungi
152543179	3376976	Puccinia grisea			Pucciniomycetes	Fungi
152544567	3637507	Scandix balansae	1997	1997	Magnoliopsida	Plantae
152544622	3638793	Bupleurum fruticosum	1975	1975	Magnoliopsida	Plantae
152544552	3641853	Daucus durieua	1938	1938	Magnoliopsida	Plantae
152543500	3665966	Epilobium floridulum	1965	1965	Magnoliopsida	Plantae
152543458	3667406	Oenothera curtiflora	1958	1958	Magnoliopsida	Plantae
152543463	3667628	Oenothera nuda	1933	2007	Magnoliopsida	Plantae
152543462	3667721	Oenothera wratislaviensis	2004	2007	Magnoliopsida	Plantae
152545585	3685073	Ligustrum vicaryi	2011	2016	Magnoliopsida	Plantae
152546424	3711846	Hypericum hidcoteense	2015	2016	Magnoliopsida	Plantae
152545609	3725805	Hebenstretia integrifolia	1862	1962	Magnoliopsida	Plantae
152545664	3729273	Asarina procumbens	2008	2018	Magnoliopsida	Plantae
152545678	3732995	Veronica ceratocarpa	1854	1874	Magnoliopsida	Plantae
152545660	3738796	Misopates calycinum	1915	1915	Magnoliopsida	Plantae
152545622	3741432	Verbascum banaticum	1908	1908	Magnoliopsida	Plantae
152544692	3753098	Saxifraga cymbalaria	1977	1977	Magnoliopsida	Plantae
152544691	3754353	Saxifraga urbium	1908	2014	Magnoliopsida	Plantae
152545982	3756650	Chenopodium reynieri	2015	2017	Magnoliopsida	Plantae
152545981	3757189	Chenopodium auricomiforme	1911	1911	Magnoliopsida	Plantae
159749099	3757457	Chenopodium polygonoides	1951	1951	Magnoliopsida	Plantae
152545963	3760099	Atriplex sagittata	1853	1983	Magnoliopsida	Plantae
152544961	3798835	Nicotiana velutina	1912	1912	Magnoliopsida	Plantae
152545284	3827967	Monsonia brevirostrata	1908	1948	Magnoliopsida	Plantae
152545296	3827980	Erodium crinitum	1889	2001	Magnoliopsida	Plantae
152545283	3828021	Monsonia angustifolia	1893	1893	Magnoliopsida	Plantae
152545295	3828217	Erodium chium	1948	1948	Magnoliopsida	Plantae
152544759	3875113	Ceanothus delilianus	1992	1992	Magnoliopsida	Plantae
152545752	3885185	Stachys atherocalyx	1922	1922	Magnoliopsida	Plantae
152545731	3889083	Perovskia abrotanoides	2010	2010	Magnoliopsida	Plantae
152545736	3895710	Teucrium lucidrys	2011	2012	Magnoliopsida	Plantae
152545743	3905970	Marrubium peregrinum	1835	1912	Magnoliopsida	Plantae
152546341	3922888	Anemone sylvestris	1813	1947	Magnoliopsida	Plantae
152546234	3937506	Corynabutilon suntense	2006	2006	Magnoliopsida	Plantae
152546371	3981814	Berberis wilsoniae	2012	2012	Magnoliopsida	Plantae
152546373	3981817	Berberis interposita	2017	2017	Magnoliopsida	Plantae
152543401	3989886	Lythrum acutangulum	1874	1989	Magnoliopsida	Plantae
152545821	4007682	Lysimachia linum-stellatum	1858	1858	Magnoliopsida	Plantae
152546659	4013762	Narcissus cyclazetta	2011	2018	Liliopsida	Plantae
152546013	4021920	Portulaca cypria	1902	2013	Magnoliopsida	Plantae
152546031	4022175	Calandrinia compressa	1900	1900	Magnoliopsida	Plantae
152546010	4022617	Portulaca nitida	1989	2013	Magnoliopsida	Plantae
152546009	4023424	Portulaca trituberculata	1865	2011	Magnoliopsida	Plantae
152546119	4033335	Bistorta affinis	2012	2012	Magnoliopsida	Plantae
152546143	4036957	Rumex pulcher pulcher	1903	2002	Magnoliopsida	Plantae
152544749	4048052	Hippophae rhamnoides caucasica	2010	2018	Magnoliopsida	Plantae
152545529	4064572	Cynoglossum clandestinum	1948	1948	Magnoliopsida	Plantae
152545513	4067281	Symphytum hidcotense	2008	2018	Magnoliopsida	Plantae
152546297	4095186	Valeriana pyrenaica	1957	1957	Magnoliopsida	Plantae
152546305	4095244	Valerianella vesicaria	1850	1850	Magnoliopsida	Plantae
152546183	4097656	Alnus spaethii	2012	2014	Magnoliopsida	Plantae
152546943	4104718	Austrostipa verticillata	1953	1963	Liliopsida	Plantae
152546944	4104890	Austrostipa scabra falcata	1896	1896	Liliopsida	Plantae
152546945	4105208	Austrostipa nitida	1902	1902	Liliopsida	Plantae
152547162	4105652	Amphibromus recurvatus	1904	1904	Liliopsida	Plantae
152547160	4107552	Alopecurus magellanicus	1912	1912	Liliopsida	Plantae
152547158	4108297	Oxychloris scariosa	1921	1921	Liliopsida	Plantae
152546968	4110879	Poa sieberiana	1947	1947	Liliopsida	Plantae
152547062	4111606	Eragrostis rotifer	1950	1950	Liliopsida	Plantae
152547095	4113402	Panicum decompositum	1905	1905	Liliopsida	Plantae
152547063	4113766	Eragrostis dielsii	1904	1947	Liliopsida	Plantae
152547093	4116709	Panicum laevinode	1904	1947	Liliopsida	Plantae
152547061	4117648	Eragrostis bicolor	1911	1911	Liliopsida	Plantae
152546993	4118753	Echinochloa jubata	1908	1908	Liliopsida	Plantae
152546992	4118773	Echinochloa inundata	1995	2014	Liliopsida	Plantae
152546936	4121201	Rytidosperma thomsonii	1911	1911	Liliopsida	Plantae
152546950	4122609	Bromus pectinatus	1881	1909	Liliopsida	Plantae
152547104	4123970	Festuca gautieri	1991	1991	Liliopsida	Plantae
159747740	4124350	Eleusine africana	1887	2018	Liliopsida	Plantae
152546938	4125110	Harpachne schimperi	1947	1947	Liliopsida	Plantae
152546940	4125808	Thinopyrum elongatum	1823	1959	Liliopsida	Plantae
152546919	4125930	Agropogon lutosus	2015	2015	Liliopsida	Plantae
152547113	4126800	Aristida hordeacea	1884	1884	Liliopsida	Plantae
152546921	4127831	Stipa pennata	1824	1892	Liliopsida	Plantae
152547114	4128792	Aristida congesta	1947	1950	Liliopsida	Plantae
152546923	4130246	Stipagrostis pungens	1947	1947	Liliopsida	Plantae
152546930	4131963	Digitaria acuminatissima	1947	1947	Liliopsida	Plantae
159747527	4134265	Anthosachne scabra	1895	1921	Liliopsida	Plantae
152547000	4134508	Eriochloa crebra	1895	1947	Liliopsida	Plantae
152546999	4134633	Eriochloa australiensis	1911	1911	Liliopsida	Plantae
152546906	4136060	Lachnagrostis billardierei	1911	1911	Liliopsida	Plantae
152546935	4136338	Rytidosperma gracile	1911	1912	Liliopsida	Plantae
152546909	4136390	Aeluropus littoralis	1853	1853	Liliopsida	Plantae
152546981	4136695	Bothriochloa macra	1911	1947	Liliopsida	Plantae
152546915	4138123	Eremopoa persica	1957	1957	Liliopsida	Plantae
152546913	4138669	Pholiurus pannonicus	1950	1950	Liliopsida	Plantae
152547137	4139625	Phleum hirsutum	1835	1835	Liliopsida	Plantae
152547138	4139894	Phleum echinatum	1923	1949	Liliopsida	Plantae
152546896	4142153	Desmazeria sicula	1889	1917	Liliopsida	Plantae
152547055	4142399	Eragrostis procumbens	1921	1947	Liliopsida	Plantae
152547054	4142741	Eragrostis planiculmis	1947	1947	Liliopsida	Plantae
152547053	4143386	Eragrostis papposa	1955	1955	Liliopsida	Plantae
152547059	4143702	Eragrostis obtusa	1911	1911	Liliopsida	Plantae
152547058	4143852	Eragrostis nigra	1913	1913	Liliopsida	Plantae
152547057	4143912	Eragrostis neesii	1895	1895	Liliopsida	Plantae
152547056	4145354	Eragrostis leptocarpa	1904	1947	Liliopsida	Plantae
152546898	4146512	Puccinellia stricta	1901	1911	Liliopsida	Plantae
152547147	4148661	Hordeum flexuosum	1886	1948	Liliopsida	Plantae
152547148	4148721	Hordeum euclaston	1906	1907	Liliopsida	Plantae
152547149	4149167	Hordeum comosum	1891	1902	Liliopsida	Plantae
152547060	4150636	Eragrostis alveiformis	1924	1948	Liliopsida	Plantae
152547084	4151306	Sporobolus caroli	1911	1947	Liliopsida	Plantae
152546900	4152037	Helictotrichon sempervirens	1981	1981	Liliopsida	Plantae
152546978	4152153	Enneapogon scaber	1912	1912	Liliopsida	Plantae
152547083	4152259	Sporobolus africanus	1911	2005	Liliopsida	Plantae
159747653	4154259	Paspalum saurae	2014	2014	Liliopsida	Plantae
152547043	4154800	Avena brevis	1885	1909	Liliopsida	Plantae
152544378	4206362	Onopordum beckianum	2017	2017	Magnoliopsida	Plantae
152544198	4210773	Carduus vivariensis	1897	1965	Magnoliopsida	Plantae
152544050	4217250	Erigeron flahaultianus	2002	2002	Magnoliopsida	Plantae
152543838	4227439	Cicerbita macrophylla uralensis	1948	2018	Magnoliopsida	Plantae
152543845	4243464	Hieracium speciosum	1850	1850	Magnoliopsida	Plantae
152543957	4250826	Centaurea nemenyiana	1840	1840	Magnoliopsida	Plantae
152544178	4255472	Rudbeckia amplexicaulis	1950	1950	Magnoliopsida	Plantae
152546991	4270675	Echinochloa muricata muricata	2000	2000	Liliopsida	Plantae
152543417	4285694	Oreochromis niloticus	1990	2018	Actinopterygii	Animalia
152543692	4307880	Potamothrix heuscheri	2018	2018	Clitellata	Animalia
152543560	4363583	Rapana venosa			Gastropoda	Animalia
152544578	4400961	Badonnelia titei	2018	2018	Insecta	Animalia
152543671	4410150	Monopylephorus limosus	2002	2016	Clitellata	Animalia
152544541	4453195	Carpophilus obsoletus	2018	2018	Insecta	Animalia
156873354	4467502	Otiorhynchus indefinitus	2013	2018	Insecta	Animalia
152544272	4487282	Fulvius anthocoroides	2008	2018	Insecta	Animalia
152544059	4553469	Leiobunum	2009	2018	Arachnida	Animalia
152543814	4556286	Meloidogyne artiellia	2011	2018	Secernentea	Animalia
152543600	4562566	Aegopinella nitens			Gastropoda	Animalia
152543646	4564944	Xerosecta cespitum	1965	2018	Gastropoda	Animalia
157092276	4598225	Tandonia budapestensis	1941	1941	Gastropoda	Animalia
152543639	4598226	Tandonia sowerbyi	1981	2018	Gastropoda	Animalia
152544017	4805564	Amphibalanus amphitrite	1952	2016	Maxillopoda	Animalia
159748086	4805565	Amphibalanus variegatus	1997	1997	Maxillopoda	Animalia
152543686	4812260	Branchiodrilus hortensis	2010	2016	Clitellata	Animalia
152545590	4926977	Catalpa erubescens	2007	2018	Magnoliopsida	Plantae
152544715	4927972	Phedimus ellacombianus	1990	2016	Magnoliopsida	Plantae
152545725	4930999	Amethystea caerulea	1959	1959	Magnoliopsida	Plantae
152546902	4932431	Crithopsis delileana	1994	1994	Liliopsida	Plantae
152545292	4934102	Erodium salzmannii	1949	1949	Magnoliopsida	Plantae
152546370	4938153	Berberis hybridogagnepainii	2011	2011	Magnoliopsida	Plantae
152546232	4939668	Kitaibela vitifolia	1949	2016	Magnoliopsida	Plantae
159748463	4984851	Bugula neritina	1999	1999	Gymnolaemata	Animalia
159748450	4985433	Victorella pavida			Gymnolaemata	Animalia
152544582	4987920	Trichopsocus clarus	2018	2018	Insecta	Animalia
152544554	4989894	Hippodamia convergens	2018	2018	Insecta	Animalia
152544561	4990175	Rhyzobius lophanthae	1976	2018	Insecta	Animalia
152544023	5166489	Megabalanus coccopoma	1997	2016	Maxillopoda	Animalia
159747985	5166760	Ammothea hilgendorfi			Pycnogonida	Animalia
152544234	5168461	Erigone dentosa	2012	2012	Arachnida	Animalia
152544220	5170395	Phoneutria boliviensis	2015	2015	Arachnida	Animalia
159746857	5188774	Barentsia ramosa	1962	1962		Animalia
152543609	5190777	Deroceras panormitanum	1972	2018	Gastropoda	Animalia
152543620	5190912	Testacella haliotidea	1860	1860	Gastropoda	Animalia
152543426	5208832	Gobiosoma bosc	2018	2018	Actinopterygii	Animalia
154367400	5211250	Micropterus dolomieu	1873	2017	Actinopterygii	Animalia
152543377	5216933	Rhinella marina	2010	2018	Amphibia	Animalia
152543115	5250069	Thecaphora oxalidis	2014	2018	Ustilaginomycetes	Fungi
152543121	5250090	Urocystis trollii	1894	2018	Ustilaginomycetes	Fungi
152547198	5274964	Polypodium hesperium	1980	1980	Polypodiopsida	Plantae
152547203	5275398	Pteris vittata	2015	2015	Polypodiopsida	Plantae
152546512	5285053	Pinus ponderosa	2006	2006	Pinopsida	Plantae
152546737	5289490	Typha provincialis	2012	2018	Liliopsida	Plantae
152546884	5289597	Vulpia octoflora	1889	1889	Liliopsida	Plantae
152546873	5289623	Chloris pectinata	1887	1954	Liliopsida	Plantae
152546876	5289629	Chloris ventricosa	1911	1953	Liliopsida	Plantae
152546874	5289631	Chloris divaricata	1889	1964	Liliopsida	Plantae
152546828	5289751	Phalaris coerulescens	1950	1950	Liliopsida	Plantae
152546823	5289753	Phalaris angusta	1889	2009	Liliopsida	Plantae
152546811	5289762	Lamarckia aurea	1891	1920	Liliopsida	Plantae
152546814	5289763	Gastridium phleoides	1895	1920	Liliopsida	Plantae
152546806	5289791	Aegilops ventricosa	1835	1892	Liliopsida	Plantae
152546807	5289793	Aegilops triuncialis	1854	1946	Liliopsida	Plantae
152546803	5289814	Eustachys neglecta	1949	1949	Liliopsida	Plantae
152546804	5289819	Eustachys retusa	1950	1950	Liliopsida	Plantae
152546869	5289831	Nassella neesiana	1895	1915	Liliopsida	Plantae
152546867	5289836	Nassella formicarum	1884	1915	Liliopsida	Plantae
152546861	5289911	Polypogon elongatus	1883	1921	Liliopsida	Plantae
152546860	5289912	Polypogon fugax	1906	1912	Liliopsida	Plantae
152546929	5289929	Digitaria abyssinica	2012	2012	Liliopsida	Plantae
152546928	5289957	Digitaria brownii	1911	1921	Liliopsida	Plantae
152546848	5290129	Tragus berteronianus	1947	1948	Liliopsida	Plantae
152546603	5295375	Smilax rotundifolia	1990	2018	Liliopsida	Plantae
152546663	5296015	Sisyrinchium angustifolium	1996	2018	Liliopsida	Plantae
152546672	5298908	Iris graminea	1850	1850	Liliopsida	Plantae
152546632	5314814	Serapias lingua	2007	2007	Liliopsida	Plantae
152546189	5331404	Echinocystis lobata			Magnoliopsida	Plantae
152546176	5332004	Betula nana	2003	2003	Magnoliopsida	Plantae
152546111	5334386	Polygonum achoreum	1918	1999	Magnoliopsida	Plantae
152546112	5334439	Polygonum patulum	1915	1915	Magnoliopsida	Plantae
152545253	5336632	Crucianella angustifolia	1837	1837	Magnoliopsida	Plantae
152545790	5341154	Glandularia hybrida	1888	2015	Magnoliopsida	Plantae
152545717	5341498	Nepeta grandiflora	1903	1951	Magnoliopsida	Plantae
152544954	5341768	Physalis cinerascens	1948	1948	Magnoliopsida	Plantae
152545138	5342618	Astragalus onobrychis	1893	1934	Magnoliopsida	Plantae
152545137	5342681	Astragalus hamosus	2001	2001	Magnoliopsida	Plantae
152545134	5344424	Astragalus cymbicarpos	1906	1906	Magnoliopsida	Plantae
152545133	5344663	Astragalus boeticus	1906	1906	Magnoliopsida	Plantae
152545132	5345210	Astragalus stella	1892	1892	Magnoliopsida	Plantae
152545131	5345430	Astragalus oxyglottis	1955	1955	Magnoliopsida	Plantae
152545085	5349989	Securigera securidaca	1909	1909	Magnoliopsida	Plantae
152545098	5350015	Lens nigricans	1913	1913	Magnoliopsida	Plantae
152545105	5352372	Anthyllis vulneraria polyphylla	1864	2017	Magnoliopsida	Plantae
152545115	5353770	Arachis hypogaea	1950	2015	Magnoliopsida	Plantae
152545111	5354676	Cytisus decumbens	1858	1858	Magnoliopsida	Plantae
152545029	5356407	Lathyrus clymenum	1891	1913	Magnoliopsida	Plantae
152545028	5356429	Lathyrus angulatus	1850	1850	Magnoliopsida	Plantae
152545030	5356441	Lathyrus ochrus	1913	1952	Magnoliopsida	Plantae
152545136	5356481	Lathyrus cicera	1867	1956	Magnoliopsida	Plantae
152545033	5356614	Lathyrus inconspicuus	1894	1946	Magnoliopsida	Plantae
152545035	5356680	Lathyrus sphaericus	1856	1927	Magnoliopsida	Plantae
152545047	5356862	Lotus tetragonolobus	1854	1954	Magnoliopsida	Plantae
152545049	5356971	Lotus conimbricensis	1809	1850	Magnoliopsida	Plantae
152545083	5358301	Scorpiurus vermiculatus	1957	1957	Magnoliopsida	Plantae
152545056	5359037	Trifolium stellatum	1977	1977	Magnoliopsida	Plantae
152545063	5359067	Trifolium pannonicum	2006	2006	Magnoliopsida	Plantae
152545061	5359109	Trifolium squarrosum	1990	1995	Magnoliopsida	Plantae
152545060	5359118	Trifolium retusum	1835	1937	Magnoliopsida	Plantae
152545070	5359263	Trifolium spumosum	1954	1955	Magnoliopsida	Plantae
152545078	5359445	Trifolium hirtum	1883	1971	Magnoliopsida	Plantae
152545081	5359526	Trifolium purpureum	1876	1877	Magnoliopsida	Plantae
159748501	5360112	Desmanthus illinoensis	1995	1998	Magnoliopsida	Plantae
152545127	5360415	Trigonella calliceras	1948	1948	Magnoliopsida	Plantae
152545128	5360417	Trigonella stellata	1911	1911	Magnoliopsida	Plantae
152545120	5360451	Trigonella esculenta	2003	2004	Magnoliopsida	Plantae
152545123	5360465	Trigonella arabica	1955	1955	Magnoliopsida	Plantae
152545126	5360523	Trigonella spinosa	1941	1941	Magnoliopsida	Plantae
152544797	5370043	Geum quellyon	2004	2016	Magnoliopsida	Plantae
152546328	5371700	Nigella sativa	1865	1999	Magnoliopsida	Plantae
152544757	5372457	Paliurus spina-christi	1874	1874	Magnoliopsida	Plantae
152546466	5372854	Salix nigra	1958	1958	Magnoliopsida	Plantae
152545333	5374933	Arabis planisiliqua	1855	1858	Magnoliopsida	Plantae
152545334	5375105	Arabis auriculata	1850	1850	Magnoliopsida	Plantae
152545372	5375285	Carrichtera annua	1940	1940	Magnoliopsida	Plantae
152545370	5375555	Erucastrum nasturtiifolium	1936	1936	Magnoliopsida	Plantae
152545353	5376481	Lepidium schinzii	1895	1895	Magnoliopsida	Plantae
152545363	5376494	Lepidium desertorum	1895	1895	Magnoliopsida	Plantae
152545362	5376530	Lepidium africanum	1904	1979	Magnoliopsida	Plantae
152545366	5376785	Lepidium fasciculatum	1889	1901	Magnoliopsida	Plantae
152545357	5376874	Lepidium hirtum	1850	1885	Magnoliopsida	Plantae
152545381	5377196	Iberis odorata	1954	1955	Magnoliopsida	Plantae
152545344	5377678	Erucaria hispanica	1901	1901	Magnoliopsida	Plantae
152546457	5381097	Phyllanthus tenellus	2003	2003	Magnoliopsida	Plantae
152545921	5383909	Bassia hyssopifolia	1861	1967	Magnoliopsida	Plantae
152545925	5383926	Beta trigyna	1859	1913	Magnoliopsida	Plantae
152545958	5384341	Amaranthus crispus	1884	1959	Magnoliopsida	Plantae
152545957	5384342	Amaranthus polygonoides	1959	1959	Magnoliopsida	Plantae
152545949	5384370	Amaranthus scleropoides	1959	1959	Magnoliopsida	Plantae
152546040	5384465	Gypsophila scorzonerifolia	1866	1956	Magnoliopsida	Plantae
152546052	5384832	Silene cserei	1908	1908	Magnoliopsida	Plantae
152543611	5386028	Cyanus triumfettii	1911	1911	Magnoliopsida	Plantae
152544421	5386764	Acmella oleracea	2008	2008	Magnoliopsida	Plantae
152543717	5388967	Solidago rugosa	1883	2005	Magnoliopsida	Plantae
152543698	5389402	Bidens bipinnata	1885	1915	Magnoliopsida	Plantae
152543728	5391292	Centipeda minima	1910	1911	Magnoliopsida	Plantae
152543689	5391882	Bidens subalternans	1903	2004	Magnoliopsida	Plantae
152543803	5393689	Asteriscus aquaticus	1911	1911	Magnoliopsida	Plantae
152543827	5400552	Ageratina altissima	1953	2011	Magnoliopsida	Plantae
152543776	5401239	Felicia tenella	1911	1911	Magnoliopsida	Plantae
152543779	5401508	Emilia fosbergii	1997	1997	Magnoliopsida	Plantae
152543788	5401877	Helenium autumnale	1948	1948	Magnoliopsida	Plantae
152543796	5402627	Iva annua	1994	2000	Magnoliopsida	Plantae
152543800	5402874	Eupatorium perfoliatum	2007	2008	Magnoliopsida	Plantae
152543772	5403742	Scolymus hispanicus	1907	1907	Magnoliopsida	Plantae
152543587	5408775	Lobelia sessilifolia	2004	2004	Magnoliopsida	Plantae
152545242	5414545	Periploca graeca	1918	1918	Magnoliopsida	Plantae
152545244	5414550	Vincetoxicum rossicum	1965	1965	Magnoliopsida	Plantae
152545655	5415014	Linaria angustissima	1835	1835	Magnoliopsida	Plantae
152545652	5415018	Linaria incarnata	1952	1952	Magnoliopsida	Plantae
152543422	5420978	Clarkia amoena	2012	2012	Magnoliopsida	Plantae
152543423	5420982	Clarkia pulchella	1902	1997	Magnoliopsida	Plantae
159746847	5421557	Coscinodiscus wailesii	1997	1997	Bacillariophyceae	Chromista
152543251	5533814	Ilex meserveae	2014	2017	Magnoliopsida	Plantae
152543418	5544928	Clarkia purpurea quadrivulnera	1894	1894	Magnoliopsida	Plantae
152543427	5545159	Ludwigia peploides montevidensis	1997	2018	Magnoliopsida	Plantae
152545946	5547989	Amaranthus clementii	1939	1949	Magnoliopsida	Plantae
152545945	5548011	Amaranthus capensis uncinatus	1890	1949	Magnoliopsida	Plantae
152545642	5559841	Cymbalaria muralis pubescens	1900	1900	Magnoliopsida	Plantae
152544677	5567657	Bergenia schmidtii	2007	2016	Magnoliopsida	Plantae
152545915	5568415	Dysphania cristata	1899	1972	Magnoliopsida	Plantae
152543557	5569367	Scaevola aemula	2014	2014	Magnoliopsida	Plantae
152546041	5585762	Gypsophila viscosa	1878	1965	Magnoliopsida	Plantae
152546281	5598839	Lonicera purpusii	2006	2006	Magnoliopsida	Plantae
152545704	5605751	Lycopus exaltatus	1855	1909	Magnoliopsida	Plantae
152545706	5608183	Lallemantia iberica	1954	1955	Magnoliopsida	Plantae
152545119	5632334	Trigonella hierosolymitana	1886	1901	Magnoliopsida	Plantae
152544931	5646410	Blumenbachia hieronymi	1974	1981	Magnoliopsida	Plantae
152545829	5659657	Gilia capitata mediomontana	1893	1898	Magnoliopsida	Plantae
152545494	5662089	Anchusa ochroleuca	1889	1953	Magnoliopsida	Plantae
152546866	5674110	Nassella filiculmis	1949	1949	Liliopsida	Plantae
152546832	5674218	Setaria dielsii	1947	1947	Liliopsida	Plantae
152546801	5674620	Echinaria capitata	1880	1940	Liliopsida	Plantae
152546796	5674888	Schmidtia kalahariensis	1961	1961	Liliopsida	Plantae
152546845	5674919	Tragus koelerioides	1887	1947	Liliopsida	Plantae
152546794	5676003	Fargesia spathacea	1988	1988	Liliopsida	Plantae
152546798	5677636	Cynodon convergens	1947	1947	Liliopsida	Plantae
152546883	5679109	Vulpia antucensis	1910	1910	Liliopsida	Plantae
152546790	5679692	Enteropogon acicularis	1953	1953	Liliopsida	Plantae
159747611	5679819	Spartina townsendii anglica	1936	1936	Liliopsida	Plantae
152546856	5679952	Polypogon chilensis	1906	1921	Liliopsida	Plantae
152544702	5690854	Crassula peduncularis	1894	1920	Magnoliopsida	Plantae
152543786	5704991	Helenium clementii	1972	1972	Magnoliopsida	Plantae
152544614	5831906	Bupleurum gerardi	1886	2010	Magnoliopsida	Plantae
154367584	5890148	Anguillicoloides crassus	1985	1985	Secernentea	Animalia
152543292	5914287	Melia azedarach	2006	2006	Magnoliopsida	Plantae
152544562	6026954	Scandix stellata	2013	2013	Magnoliopsida	Plantae
152544617	6026972	Bupleurum praealtum	1835	1892	Magnoliopsida	Plantae
152544549	6027313	Daucus glochidiatus	1892	1949	Magnoliopsida	Plantae
152545980	6035549	Chenopodium striatiforme	1862	1967	Magnoliopsida	Plantae
159747203	6101013	Chloris spinoides	2003	2003	Aves	Animalia
152544011	6128436	Amphibalanus reticulatus	1997	2016	Maxillopoda	Animalia
152543836	6304873	Cicerbita macrophylla macrophylla	1989	2018	Magnoliopsida	Plantae
152544565	6308164	Scandix australis grandiflora	1894	1894	Magnoliopsida	Plantae
152545235	6366597	Gentiana acaulis	1844	1911	Magnoliopsida	Plantae
152546347	6374790	Clematis integrifolia	1882	1966	Magnoliopsida	Plantae
152545693	6410563	Leonurus japonicus	1939	2000	Magnoliopsida	Plantae
152545486	6420901	Nemophila menziesii menziesii	1888	2016	Magnoliopsida	Plantae
152547112	6431764	Aristida longespica	1891	1891	Liliopsida	Plantae
152545962	6447496	Atriplex leptocarpa	1911	1951	Magnoliopsida	Plantae
152544015	6467647	Amphibalanus improvisus	1700	2016	Maxillopoda	Animalia
152543188	6476666	Caenoplana bicolor	2015	2017		Animalia
159747368	6559940	Helictochloa bromoides	1950	1950	Liliopsida	Plantae
152546942	6710856	Austrostipa scabra scabra	1897	1939	Liliopsida	Plantae
152544135	6718178	Cryptachaea blattea	2002	2017	Arachnida	Animalia
152543712	7009279	Laonome calida	2014	2016	Polychaeta	Animalia
152543660	7066596	Zinnia angustifolia angustifolia	1948	1950	Magnoliopsida	Plantae
159748460	7068263	Astragalus pelecinus pelecinus	1916	1916	Magnoliopsida	Plantae
152545727	7096205	Clinopodium nepeta nepeta	1885	2018	Magnoliopsida	Plantae
152544039	7222196	Achillea salicifolia salicifolia	1986	1986	Magnoliopsida	Plantae
152545828	7223680	Gilia capitata capitata	1921	2016	Magnoliopsida	Plantae
152543162	7239373	Uromyces veratri	1852	1852	Pucciniomycetes	Fungi
152546050	7267492	Silene nocturna nocturna	1997	1999	Magnoliopsida	Plantae
152546075	7267631	Dianthus giganteus giganteus	1993	2018	Magnoliopsida	Plantae
152545236	7270381	Gentiana asclepiadea	1961	1961	Magnoliopsida	Plantae
152544784	7272312	Filipendula camtschatica	1948	1948	Magnoliopsida	Plantae
152546109	7291824	Polygonum plebejum	1895	1912	Magnoliopsida	Plantae
152544751	7293094	Elaeagnus macrophylla	2013	2017	Magnoliopsida	Plantae
152545521	7294644	Nonea pulla	1932	1932	Magnoliopsida	Plantae
152545516	7294722	Cerinthe minor	1883	1957	Magnoliopsida	Plantae
152544771	7300922	Pilea hyalina	1980	1980	Magnoliopsida	Plantae
152545669	7303024	Plantago myosuros	1895	1948	Magnoliopsida	Plantae
152545740	7308043	Lamium garganicum garganicum	1906	1920	Magnoliopsida	Plantae
152546061	7314281	Paronychia brasiliana	1887	1949	Magnoliopsida	Plantae
152543452	7322393	Oenothera indecora	1895	1895	Magnoliopsida	Plantae
152543387	7323143	Aesculus indica	1997	1997	Magnoliopsida	Plantae
152545940	7323341	Amaranthus capensis capensis	1890	1911	Magnoliopsida	Plantae
152545907	7323632	Ptilotus spicatus	1947	1947	Magnoliopsida	Plantae
152545938	7323810	Amaranthus mitchellii	1892	1948	Magnoliopsida	Plantae
152545937	7323834	Amaranthus macrocarpus macrocarpus	1911	1949	Magnoliopsida	Plantae
159749052	7331548	Alonsoa linearis	2017	2017	Magnoliopsida	Plantae
152545687	7333212	Antirrhinum graniticum	1975	1975	Magnoliopsida	Plantae
152544703	7334263	Crassula decumbens	1904	1920	Magnoliopsida	Plantae
152544723	7334576	Sempervivum barbulatum	2009	2018	Magnoliopsida	Plantae
152544685	7339492	Rodgersia aesculifolia	2011	2011	Magnoliopsida	Plantae
159747187	7340811	Euplectes macroura	2010	2010	Aves	Animalia
152545620	7353862	Verbascum divaricatum	1954	1954	Magnoliopsida	Plantae
152546792	7361239	Triraphis mollis	1899	1947	Liliopsida	Plantae
152544929	7397079	Mentzelia albicaulis	1893	1893	Magnoliopsida	Plantae
152545896	7407436	Chenopodiastrum simplex	1882	1970	Magnoliopsida	Plantae
152546743	7421129	Cyperus longus badius	1816	1947	Liliopsida	Plantae
159746880	7425750	Stropholoma aurantiacum	2018	2018	Agaricomycetes	Fungi
152544270	7481364	Fulvius subnitens	2008	2018	Insecta	Animalia
152545633	7482178	Kickxia elatine crinita	1955	1971	Magnoliopsida	Plantae
152544408	7497356	Tagetes tenuifolia	1992	1992	Magnoliopsida	Plantae
152543618	7505045	Soliva anthemifolia	1893	1904	Magnoliopsida	Plantae
152546108	7510471	Polygonum argyrocoleum	1995	1995	Magnoliopsida	Plantae
152546934	7517279	Rytidosperma tenuius	1948	1948	Liliopsida	Plantae
152545485	7536406	Nemophila menziesii integrifolia	1895	1895	Magnoliopsida	Plantae
152543833	7547256	Sinelobus vanhaareni	2007	2016	Malacostraca	Animalia
152546780	7549853	Disakisperma dubium	1921	1921	Liliopsida	Plantae
152543843	7569785	Hieracium pilosum	1890	1890	Magnoliopsida	Plantae
152545933	7576335	Amaranthus ozanonii	1983	2015	Magnoliopsida	Plantae
152543631	7587923	Euchiton sphaericus	1892	1912	Magnoliopsida	Plantae
152545051	7600608	Trifolium sylvaticum	2016	2016	Magnoliopsida	Plantae
152544768	7602322	Urtica incisa	1911	1911	Magnoliopsida	Plantae
152545993	7606014	Alternanthera angustifolia	1895	1895	Magnoliopsida	Plantae
152545979	7644304	Chenopodium borbasioides	1947	1962	Magnoliopsida	Plantae
152544089	7652364	Nephila	2010	2010	Arachnida	Animalia
159748461	7668385	Bugulina simplex			Gymnolaemata	Animalia
152543207	7670473	Batrachochytrium salamandrivorans	2013	2018	Chytridiomycetes	Fungi
152545909	7707087	Dysphania glomulifera	1904	1924	Magnoliopsida	Plantae
152545666	7727786	Plantago loeflingii	1886	1886	Magnoliopsida	Plantae
152546359	7769371	Helleborus lividus	2011	2017	Magnoliopsida	Plantae
152545677	7784175	Veronica glauca	1954	1954	Magnoliopsida	Plantae
152546761	7795128	Carex crus-corvi	1947	1947	Liliopsida	Plantae
152543225	7805595	Chara braunii	1864	2018	Charophyceae	Plantae
152545490	7806790	Arnebia decumbens	1955	1955	Magnoliopsida	Plantae
152543416	7814921	Clarkia bottae	1893	1893	Magnoliopsida	Plantae
152546247	7823743	Malva maroccana	2005	2005	Magnoliopsida	Plantae
152546331	7826351	Ranunculus lanuginosus	1800	1938	Magnoliopsida	Plantae
152545899	7846821	Oxybasis macrosperma	1895	1904	Magnoliopsida	Plantae
152545648	7848321	Linaria triornithophora	1972	1972	Magnoliopsida	Plantae
152545471	7853188	Reseda lutea vivantii	1898	1898	Magnoliopsida	Plantae
152545910	7877091	Dysphania pseudomultiflora	1947	1947	Magnoliopsida	Plantae
152545901	7933495	Sclerolaena muricata	1907	1911	Magnoliopsida	Plantae
152544536	7987143	Anoplophora chinensis	2005	2006	Insecta	Animalia
152544100	8005391	Xanthium spinosum ambrosioides	1906	1907	Magnoliopsida	Plantae
152546073	8012084	Dianthus subacaulis	2002	2018	Magnoliopsida	Plantae
152543950	8018277	Centaurea pectinata	2004	2004	Magnoliopsida	Plantae
152547051	8018483	Eragrostis neomexicana	1947	2011	Liliopsida	Plantae
152546947	8040052	Bromus polyanthus	1915	1915	Liliopsida	Plantae
152547082	8047362	Sporobolus creber	1911	1911	Liliopsida	Plantae
159747067	8050384	Bonamia ostreae	1980	1980	Haplosporea	Protozoa
152543324	8077391	Citrus aurantium	1949	1949	Magnoliopsida	Plantae
159748820	8078031	Artemisia afra	1893	1900	Magnoliopsida	Plantae
152544722	8091002	Sempervivum globiferum	1893	1893	Magnoliopsida	Plantae
152545635	8114833	Anarrhinum bellidifolium	1957	2015	Magnoliopsida	Plantae
152545735	8118326	Teucrium resupinatum	1998	1998	Magnoliopsida	Plantae
152546047	8150863	Silene cretica	1950	1950	Magnoliopsida	Plantae
152546640	8174640	Allium christophii	2011	2013	Liliopsida	Plantae
152543643	8180804	Brachycome heterodonta	1892	1892	Magnoliopsida	Plantae
152546022	8185812	Mesembryanthemum cordifolium	1892	1947	Magnoliopsida	Plantae
152545616	8186932	Scrophularia scopolii	1976	1976	Magnoliopsida	Plantae
152547052	8192063	Eragrostis lacunaria	1911	1949	Liliopsida	Plantae
152544021	8195160	Artemisia pontica	1850	1949	Magnoliopsida	Plantae
152546296	8201823	Valeriana phu	1850	1910	Magnoliopsida	Plantae
152545492	8227753	Anchusa procera	1904	2018	Magnoliopsida	Plantae
152547195	8241853	Anisocampium niponicum	2017	2017	Polypodiopsida	Plantae
152546308	8259811	Cephalaria alpina	1970	1970	Magnoliopsida	Plantae
152546048	8279669	Silene viscosa	1947	1947	Magnoliopsida	Plantae
152545650	8287616	Linaria simplex	1900	2018	Magnoliopsida	Plantae
152543951	8305028	Centaurea phrygia	1850	1850	Magnoliopsida	Plantae
159748038	8309092	Ludwigia grandiflora hexapetala	1983	2018	Magnoliopsida	Plantae
152547041	8322034	Avena marquandii	1850	1925	Liliopsida	Plantae
152546279	8325800	Lonicera italica	1864	1948	Magnoliopsida	Plantae
152545162	8326007	Vicia pannonica striata	1894	2011	Magnoliopsida	Plantae
152544425	8351995	Frankliniella occidentalis	2018	2018	Insecta	Animalia
152544492	8364220	Torilis leptophylla	1872	1955	Magnoliopsida	Plantae
152546719	8370695	Tinantia erecta	1956	2017	Liliopsida	Plantae
152544472	8410115	Hedera hibernica	2018	2018	Magnoliopsida	Plantae
152546616	8418777	Lilium hollandicum	2016	2017	Liliopsida	Plantae
159749127	8419625	Silene scabriflora	1860	1860	Magnoliopsida	Plantae
152546821	8420312	Phalaris platensis	1895	1921	Liliopsida	Plantae
159748459	8428595	Bugulina stolonifera			Gymnolaemata	Animalia
152546091	8690876	Abronia fragrans	1951	1951	Magnoliopsida	Plantae
152546106	8720751	Koenigia divaricata	2008	2009	Magnoliopsida	Plantae
152543184	8740315	Marionfyfea adventor	2018	2018		Animalia
159747301	8823948	Poephila guttata			Aves	Animalia
152544265	8871276	Neuroctenus lestoni	2009	2018	Insecta	Animalia
152545262	8925248	Galium parisiense parisiense	1904	1904	Magnoliopsida	Plantae
152545619	8949622	Verbascum chaixii	1912	1934	Magnoliopsida	Plantae
152544079	9321334	Pilosella prussica	2003	2015	Magnoliopsida	Plantae
152543147	9350124	Natrix helvetica	1968	2018	Reptilia	Animalia
152545289	9429152	Erodium ciconium	1892	1893	Magnoliopsida	Plantae
152543667	9442679	Bratislavia dadayi	2002	2016	Clitellata	Animalia
152543663	9479629	Tasserkidrilus americanus	2006	2016	Clitellata	Animalia
152546904	9484350	Lachnagrostis eriantha	1904	1951	Liliopsida	Plantae
156872745	9491873	Dichotomyctere fluviatilis	2001	2017	Actinopterygii	Animalia
152545691	9508942	Origanum vulgare hirtum	1998	2010	Magnoliopsida	Plantae
159746876	9513097	Saproamanita inopinata	2008	2018	Agaricomycetes	Fungi
152543327	9518324	Procyon cancrivorus	2006	2018	Mammalia	Animalia
159747352	9772663	Leptoptilos crumenifer			Aves	Animalia
159749059	10196840		2014	2015	Magnoliopsida	Plantae
159748235	10329298	Haplodrassus securifer	1992	1992	Arachnida	Animalia
159748902	10411852		1863	1915	Magnoliopsida	Plantae
159749122	10502740		2008	2017	Magnoliopsida	Plantae
