taxonKey	canonicalName	first_observed	last_observed	class	kingdom	kingdomKey	classKey
5179027	Scutigera coleoptrata	1830	2018	Chilopoda	Animalia	1	360
2516137	Gymnosporangium sabinae	1878	2008	Pucciniomycetes	Fungi	5	270
2498015	Tadorna ferruginea	1880	1880	Aves	Animalia	1	212
5421116	Tribulus terrestris	1835	1959	Magnoliopsida	Plantae	6	220
3686235	Staphylea pinnata	1948	2018	Magnoliopsida	Plantae	6	220
3190538	Rhus typhina	1898	2018	Magnoliopsida	Plantae	6	220
3190382	Ruta graveolens	1881	2018	Magnoliopsida	Plantae	6	220
3988701	Lythrum junceum	1926	2017	Magnoliopsida	Plantae	6	220
5203111	Umbra pygmaea	1920	2018	Actinopterygii	Animalia	1	204
3188757	Trapa natans	1800	1991	Magnoliopsida	Plantae	6	220
8994150	Oenothera parviflora	1884	2000	Magnoliopsida	Plantae	6	220
8153538	Oenothera oehlkersii	1884	2017	Magnoliopsida	Plantae	6	220
6427797	Oenothera canovirens	1901	2017	Magnoliopsida	Plantae	6	220
2382155	Sander lucioperca	1890	2018	Actinopterygii	Animalia	1	204
7322773	Oenothera deflexa	1915	2018	Magnoliopsida	Plantae	6	220
2394486	Lepomis gibbosus	1885	2018	Actinopterygii	Animalia	1	204
7322529	Oenothera rubricaulis	1887	2018	Magnoliopsida	Plantae	6	220
3188830	Oenothera stricta	1878	2017	Magnoliopsida	Plantae	6	220
3188884	Oenothera oakesiana	1867	1923	Magnoliopsida	Plantae	6	220
3188924	Oenothera biennis	1792	2018	Magnoliopsida	Plantae	6	220
3188894	Oenothera glazioviana	1868	2018	Magnoliopsida	Plantae	6	220
5202520	Ictalurus punctatus	1884	2018	Actinopterygii	Animalia	1	204
2340977	Ameiurus melas	1892	2017	Actinopterygii	Animalia	1	204
2340989	Ameiurus nebulosus	1871	2018	Actinopterygii	Animalia	1	204
5204019	Oncorhynchus mykiss	1884	2018	Actinopterygii	Animalia	1	204
4286975	Cyprinus carpio	1201	2018	Actinopterygii	Animalia	1	204
4286942	Carassius auratus	1601	2018	Actinopterygii	Animalia	1	204
2366634	Carassius gibelio	1601	2018	Actinopterygii	Animalia	1	204
2362881	Leucaspius delineatus	1910	2017	Actinopterygii	Animalia	1	204
5777912	Lithoglyphus naticoides	1924	2016	Gastropoda	Animalia	1	225
5410480	Campanula rhomboidalis	1949	2018	Magnoliopsida	Plantae	6	220
5411408	Campanula latifolia	1869	2018	Magnoliopsida	Plantae	6	220
5192470	Potamopyrgus antipodarum	1927	2016	Gastropoda	Animalia	1	225
5192789	Crepidula fornicata	1911	2016	Gastropoda	Animalia	1	225
5409120	Lobelia siphilitica	1934	2015	Magnoliopsida	Plantae	6	220
5408087	Lobelia erinus	1925	2018	Magnoliopsida	Plantae	6	220
3138230	Carthamus lanatus	1940	2018	Magnoliopsida	Plantae	6	220
5189806	Physella acuta	1869	2016	Gastropoda	Animalia	1	225
7403263	Lactuca sativa	1857	2018	Magnoliopsida	Plantae	6	220
2294277	Theba pisana	1934	1934	Gastropoda	Animalia	1	225
7627205	Glebionis coronaria	1903	2017	Magnoliopsida	Plantae	6	220
8346536	Schkuhria pinnata	1921	2013	Magnoliopsida	Plantae	6	220
4565134	Cernuella aginnica	1944	1944	Gastropoda	Animalia	1	225
4565140	Cernuella cisalpina	1937	1937	Gastropoda	Animalia	1	225
5391599	Chamaemelum nobile	1850	1985	Magnoliopsida	Plantae	6	220
5392859	Echinops bannaticus	1841	2017	Magnoliopsida	Plantae	6	220
5392883	Echinops sphaerocephalus	1821	1953	Magnoliopsida	Plantae	6	220
5392683	Echinops exaltatus	1926	2018	Magnoliopsida	Plantae	6	220
5392243	Cichorium endivia	1850	2017	Magnoliopsida	Plantae	6	220
5392174	Bidens frondosa	1886	2018	Magnoliopsida	Plantae	6	220
2308574	Branchiura sowerbyi	1931	2016	Clitellata	Animalia	1	255
5392083	Bidens connata	1920	2018	Magnoliopsida	Plantae	6	220
5391845	Bidens pilosa	1903	2017	Magnoliopsida	Plantae	6	220
5389173	Telekia speciosa	1870	2018	Magnoliopsida	Plantae	6	220
5389029	Solidago canadensis	1863	2018	Magnoliopsida	Plantae	6	220
5389017	Solidago gigantea	1869	2018	Magnoliopsida	Plantae	6	220
9182765	Calendula arvensis	1859	2014	Magnoliopsida	Plantae	6	220
5391480	Calendula officinalis	1858	2018	Magnoliopsida	Plantae	6	220
5390636	Cota austriaca	1887	2018	Magnoliopsida	Plantae	6	220
5390611	Cota altissima	1869	2018	Magnoliopsida	Plantae	6	220
6443709	Tragopogon dubius	1939	2018	Magnoliopsida	Plantae	6	220
5386938	Tragopogon porrifolius	1813	2018	Magnoliopsida	Plantae	6	220
5387817	Gaillardia grandiflora	1946	2018	Magnoliopsida	Plantae	6	220
7791733	Mya arenaria	1700	2016	Bivalvia	Animalia	1	137
5388595	Jacobaea maritima	1892	2018	Magnoliopsida	Plantae	6	220
2287076	Mytilopsis leucophaeata	1835	2016	Bivalvia	Animalia	1	137
2287072	Dreissena polymorpha	1834	2016	Bivalvia	Animalia	1	137
5401760	Ageratum houstonianum	1908	2014	Magnoliopsida	Plantae	6	220
2287615	Petricolaria pholadiformis	1899	2016	Bivalvia	Animalia	1	137
2287668	Mercenaria mercenaria	1933	2016	Bivalvia	Animalia	1	137
5399550	Rhagadiolus stellatus	1907	1955	Magnoliopsida	Plantae	6	220
7706146	Crepis nicaeensis	1860	1908	Magnoliopsida	Plantae	6	220
5831068	Crepis sancta nemausensis	1948	2017	Magnoliopsida	Plantae	6	220
5403272	Crepis pulchra	1842	2018	Magnoliopsida	Plantae	6	220
5403508	Crepis tectorum	1842	2017	Magnoliopsida	Plantae	6	220
4245384	Crepis setosa	1862	2018	Magnoliopsida	Plantae	6	220
3148589	Anacyclus clavatus	1911	2016	Magnoliopsida	Plantae	6	220
2225776	Eriocheir sinensis	1933	2016	Malacostraca	Animalia	1	229
3148340	Inula helenium	1813	2018	Magnoliopsida	Plantae	6	220
2203165	Cordioniscus stebbingi	1907	2018	Malacostraca	Animalia	1	229
3138327	Carthamus tinctorius	1893	2018	Magnoliopsida	Plantae	6	220
3146219	Grindelia squarrosa	1920	2007	Magnoliopsida	Plantae	6	220
3145214	Silybum marianum	1803	2018	Magnoliopsida	Plantae	6	220
3141890	Cyclachaena xanthiifolia	1908	2018	Magnoliopsida	Plantae	6	220
2206086	Proasellus meridianus	1945	2016	Malacostraca	Animalia	1	229
3143034	Doronicum columnae	1886	2018	Magnoliopsida	Plantae	6	220
3129663	Baccharis halimifolia	1924	2018	Magnoliopsida	Plantae	6	220
6076312	Centaurea solstitialis adamii	1927	2012	Magnoliopsida	Plantae	6	220
7223276	Centaurea solstitialis solstitialis	1824	2014	Magnoliopsida	Plantae	6	220
3129064	Centaurea macrocephala	1940	2012	Magnoliopsida	Plantae	6	220
3129010	Centaurea diluta	1918	2015	Magnoliopsida	Plantae	6	220
3128228	Centaurea nigrescens	1826	2018	Magnoliopsida	Plantae	6	220
3128962	Centaurea diffusa	1877	2018	Magnoliopsida	Plantae	6	220
4315760	Echinogammarus berilloni	1925	2016	Malacostraca	Animalia	1	229
3128166	Centaurea aspera	1872	1983	Magnoliopsida	Plantae	6	220
3128091	Centaurea melitensis	1848	2012	Magnoliopsida	Plantae	6	220
3127613	Centaurea paniculata	1895	1895	Magnoliopsida	Plantae	6	220
3127727	Centaurea stoebe	1882	2017	Magnoliopsida	Plantae	6	220
5864277	Gammarus roeselii	1937	2016	Malacostraca	Animalia	1	229
4926336	Anaphalis margaritacea	1850	2017	Magnoliopsida	Plantae	6	220
3133950	Coreopsis tinctoria	1946	2017	Magnoliopsida	Plantae	6	220
8298495	Galinsoga quadriradiata	1920	2018	Magnoliopsida	Plantae	6	220
3132570	Galinsoga parviflora	1873	2018	Magnoliopsida	Plantae	6	220
8042568	Artemisia abrotanum	1872	2017	Magnoliopsida	Plantae	6	220
8373355	Artemisia annua	1891	2018	Magnoliopsida	Plantae	6	220
3121581	Artemisia dracunculus	1817	2018	Magnoliopsida	Plantae	6	220
2115717	Balanus improvisus	1800	2018	Maxillopoda	Animalia	1	203
3121226	Artemisia biennis	1895	2018	Magnoliopsida	Plantae	6	220
3120950	Artemisia ludoviciana	1902	2017	Magnoliopsida	Plantae	6	220
3120713	Artemisia scoparia	1911	2000	Magnoliopsida	Plantae	6	220
3120284	Achillea filipendulina	1944	2017	Magnoliopsida	Plantae	6	220
3120024	Achillea nobilis	1880	2018	Magnoliopsida	Plantae	6	220
8392258	Erigeron annuus	1813	2018	Magnoliopsida	Plantae	6	220
3147146	Erigeron speciosus	1869	1887	Magnoliopsida	Plantae	6	220
3146717	Erigeron bonariensis	1892	2018	Magnoliopsida	Plantae	6	220
3146791	Erigeron canadensis	1822	2018	Magnoliopsida	Plantae	6	220
3119285	Erigeron philadelphicus	1945	1945	Magnoliopsida	Plantae	6	220
8288930	Pilosella piloselloides	1867	2018	Magnoliopsida	Plantae	6	220
3123663	Pilosella caespitosa	1850	2015	Magnoliopsida	Plantae	6	220
3122924	Pilosella aurantiaca	1910	2018	Magnoliopsida	Plantae	6	220
3122323	Notobasis syriaca	1909	2014	Magnoliopsida	Plantae	6	220
3089146	Xanthium orientale	1824	2018	Magnoliopsida	Plantae	6	220
3089150	Xanthium spinosum	1848	2015	Magnoliopsida	Plantae	6	220
3089154	Xanthium strumarium	1800	2015	Magnoliopsida	Plantae	6	220
7749287	Petasites albus	1862	2018	Magnoliopsida	Plantae	6	220
3088282	Petasites pyrenaicus	1867	2018	Magnoliopsida	Plantae	6	220
3114986	Arctotheca calendula	1902	2014	Magnoliopsida	Plantae	6	220
3118526	Tanacetum macrophyllum	1882	2018	Magnoliopsida	Plantae	6	220
3118430	Tanacetum parthenium	1800	2018	Magnoliopsida	Plantae	6	220
3118254	Tanacetum balsamita	1941	2016	Magnoliopsida	Plantae	6	220
3118216	Tanacetum corymbosum	1809	1850	Magnoliopsida	Plantae	6	220
9206251	Helianthus annuus	1915	2018	Magnoliopsida	Plantae	6	220
3119225	Helianthus petiolaris	1949	1949	Magnoliopsida	Plantae	6	220
3119181	Helianthus laetiflorus	1923	2018	Magnoliopsida	Plantae	6	220
3119175	Helianthus tuberosus	1893	2018	Magnoliopsida	Plantae	6	220
3113745	Cirsium heterophyllum	1918	2018	Magnoliopsida	Plantae	6	220
3114229	Rudbeckia laciniata	1849	2018	Magnoliopsida	Plantae	6	220
3114249	Rudbeckia fulgida	1928	2017	Magnoliopsida	Plantae	6	220
3114225	Rudbeckia hirta	1926	2017	Magnoliopsida	Plantae	6	220
9448191	Carduus nutans leiophyllus	1908	2017	Magnoliopsida	Plantae	6	220
3114667	Carduus pycnocephalus	1850	2018	Magnoliopsida	Plantae	6	220
3114643	Carduus acanthoides	1866	2018	Magnoliopsida	Plantae	6	220
8002952	Ambrosia artemisiifolia	1883	2018	Magnoliopsida	Plantae	6	220
3110686	Ambrosia psilostachya	1917	2018	Magnoliopsida	Plantae	6	220
3110588	Ambrosia trifida	1829	2012	Magnoliopsida	Plantae	6	220
3110905	Scorzonera hispanica	1835	2017	Magnoliopsida	Plantae	6	220
3110767	Cladanthus mixtus	1854	2015	Magnoliopsida	Plantae	6	220
8542672	Cotula australis	1889	2018	Magnoliopsida	Plantae	6	220
3112110	Cotula coronopifolia	1895	2018	Magnoliopsida	Plantae	6	220
7903764	Senecio sarracenicus	1850	2018	Magnoliopsida	Plantae	6	220
6063730	Senecio vernalis	1837	2018	Magnoliopsida	Plantae	6	220
3109086	Senecio inaequidens	1892	2018	Magnoliopsida	Plantae	6	220
3109117	Senecio squalidus	1805	2018	Magnoliopsida	Plantae	6	220
3102871	Xerochrysum bracteatum	1908	2017	Magnoliopsida	Plantae	6	220
3103082	Gamochaeta pensylvanica	1891	2014	Magnoliopsida	Plantae	6	220
3102823	Anthemis ruthenica	1828	2012	Magnoliopsida	Plantae	6	220
3103791	Matricaria discoidea	1893	2018	Magnoliopsida	Plantae	6	220
3098186	Calotis cuneifolia	1895	1963	Magnoliopsida	Plantae	6	220
3101193	Dittrichia graveolens	1895	2018	Magnoliopsida	Plantae	6	220
3101184	Dittrichia viscosa	1907	2018	Magnoliopsida	Plantae	6	220
3092946	Callistephus chinensis	1930	2014	Magnoliopsida	Plantae	6	220
3092782	Euthamia graminifolia	1900	1978	Magnoliopsida	Plantae	6	220
9202318	Symphyotrichum lanceolatum	1835	2017	Magnoliopsida	Plantae	6	220
3151618	Symphyotrichum novae-angliae	1944	2017	Magnoliopsida	Plantae	6	220
3151558	Symphyotrichum novi-belgii	1865	2018	Magnoliopsida	Plantae	6	220
3151755	Symphyotrichum pilosum	1947	2018	Magnoliopsida	Plantae	6	220
3151811	Symphyotrichum salignum	1861	2018	Magnoliopsida	Plantae	6	220
3094253	Symphyotrichum subulatum	1895	2017	Magnoliopsida	Plantae	6	220
8584304	Guizotia abyssinica	1908	2018	Magnoliopsida	Plantae	6	220
3088481	Tagetes minuta	1880	2008	Magnoliopsida	Plantae	6	220
3092576	Silphium perfoliatum	1871	1972	Magnoliopsida	Plantae	6	220
3090783	Prenanthes purpurea	1850	1850	Magnoliopsida	Plantae	6	220
5372392	Vitis vinifera	1869	2018	Magnoliopsida	Plantae	6	220
3039209	Parthenocissus tricuspidata	1939	2018	Magnoliopsida	Plantae	6	220
3039193	Parthenocissus vitacea	1880	2018	Magnoliopsida	Plantae	6	220
8455382	Hypoponera schauinslandi	1911	2018	Insecta	Animalia	1	216
6027089	Smyrnium perfoliatum	1850	2017	Magnoliopsida	Plantae	6	220
1326634	Hypoponera punctatissima	1911	2018	Insecta	Animalia	1	216
7466434	Pastinaca sativa urens	1947	2018	Magnoliopsida	Plantae	6	220
8080300	Pimpinella anisum	1928	2011	Magnoliopsida	Plantae	6	220
1314773	Monomorium pharaonis	1911	2018	Insecta	Animalia	1	216
5538108	Imperatoria ostruthium	1811	2018	Magnoliopsida	Plantae	6	220
5371870	Bifora radians	1889	2017	Magnoliopsida	Plantae	6	220
5371889	Oenanthe pimpinelloides	1859	2018	Magnoliopsida	Plantae	6	220
5371808	Angelica archangelica	1850	2018	Magnoliopsida	Plantae	6	220
5371772	Levisticum officinale	1870	2017	Magnoliopsida	Plantae	6	220
5371746	Anthriscus cerefolium	1859	2018	Magnoliopsida	Plantae	6	220
6027382	Daucus aureus	1921	2015	Magnoliopsida	Plantae	6	220
3640194	Ridolfia segetum	1921	2017	Magnoliopsida	Plantae	6	220
3637112	Scandix iberica	1908	1955	Magnoliopsida	Plantae	6	220
3034922	Foeniculum vulgare	1820	2018	Magnoliopsida	Plantae	6	220
3034825	Heracleum mantegazzianum	1945	2018	Magnoliopsida	Plantae	6	220
3034681	Myrrhis odorata	1811	2018	Magnoliopsida	Plantae	6	220
3034915	Astrantia major	1812	2018	Magnoliopsida	Plantae	6	220
3034871	Coriandrum sativum	1885	2017	Magnoliopsida	Plantae	6	220
3034393	Eryngium planum	1850	2018	Magnoliopsida	Plantae	6	220
3639326	Bupleurum croceum	1938	2004	Magnoliopsida	Plantae	6	220
3034558	Bupleurum subovatum	1876	2016	Magnoliopsida	Plantae	6	220
3034182	Ammi majus	1813	2018	Magnoliopsida	Plantae	6	220
3034646	Anethum graveolens	1850	2017	Magnoliopsida	Plantae	6	220
3034653	Chaerophyllum bulbosum	1873	2015	Magnoliopsida	Plantae	6	220
7544073	Saxifraga arendsii	1864	2018	Magnoliopsida	Plantae	6	220
8223023	Saxifraga geum	1949	2012	Magnoliopsida	Plantae	6	220
7339396	Saxifraga rotundifolia	1851	2018	Magnoliopsida	Plantae	6	220
3032698	Tellima grandiflora	1932	2018	Magnoliopsida	Plantae	6	220
5690287	Sedum cepaea	1866	1979	Magnoliopsida	Plantae	6	220
7172720	Sedum dasyphyllum	1836	1935	Magnoliopsida	Plantae	6	220
5361982	Sedum hispanicum	1871	2018	Magnoliopsida	Plantae	6	220
4201607	Phedimus spurius	1866	2018	Magnoliopsida	Plantae	6	220
7334631	Hylotelephium maximum	1872	1927	Magnoliopsida	Plantae	6	220
2985949	Sempervivum tectorum	1800	2018	Magnoliopsida	Plantae	6	220
2986129	Ribes spicatum	1874	1902	Magnoliopsida	Plantae	6	220
2986130	Ribes sanguineum	1942	2018	Magnoliopsida	Plantae	6	220
2986184	Ribes alpinum	1811	2018	Magnoliopsida	Plantae	6	220
5361880	Cannabis sativa	1853	2018	Magnoliopsida	Plantae	6	220
5361889	Morus alba	1850	2017	Magnoliopsida	Plantae	6	220
5361909	Ficus carica	1937	2018	Magnoliopsida	Plantae	6	220
3039269	Elaeagnus angustifolia	1939	2018	Magnoliopsida	Plantae	6	220
5670646	Urtica pilulifera	1864	2004	Magnoliopsida	Plantae	6	220
2984366	Soleirolia soleirolii	1941	2018	Magnoliopsida	Plantae	6	220
3021922	Prunus cerasus	1850	2018	Magnoliopsida	Plantae	6	220
5362136	Aruncus dioicus	1949	2016	Magnoliopsida	Plantae	6	220
5362215	Cydonia oblonga	1873	2018	Magnoliopsida	Plantae	6	220
5370380	Dasiphora fruticosa	1893	2018	Magnoliopsida	Plantae	6	220
8591421	Potentilla indica	1944	2018	Magnoliopsida	Plantae	6	220
7272439	Potentilla recta recta	1824	2018	Magnoliopsida	Plantae	6	220
5365888	Potentilla inclinata	1931	2018	Magnoliopsida	Plantae	6	220
5365305	Potentilla norvegica	1899	2018	Magnoliopsida	Plantae	6	220
5371450	Kerria japonica	1902	2018	Magnoliopsida	Plantae	6	220
3024109	Amelanchier lamarckii	1876	2018	Magnoliopsida	Plantae	6	220
3023852	Amelanchier spicata	1886	2017	Magnoliopsida	Plantae	6	220
3029912	Fragaria ananassa	1858	2018	Magnoliopsida	Plantae	6	220
3031774	Mespilus germanica	1800	2018	Magnoliopsida	Plantae	6	220
3032442	Rhodotypos scandens	1947	2017	Magnoliopsida	Plantae	6	220
7889822	Spiraea billardii	1895	2018	Magnoliopsida	Plantae	6	220
8170635	Spiraea japonica	1901	2018	Magnoliopsida	Plantae	6	220
3026819	Spiraea tomentosa	1870	2018	Magnoliopsida	Plantae	6	220
3026585	Spiraea alba	1803	2018	Magnoliopsida	Plantae	6	220
3027159	Spiraea douglasii	1885	2018	Magnoliopsida	Plantae	6	220
3001978	Agrimonia repens	1827	1827	Magnoliopsida	Plantae	6	220
3006974	Rosa pendulina	1827	1911	Magnoliopsida	Plantae	6	220
3003979	Rosa rugosa	1934	2018	Magnoliopsida	Plantae	6	220
3021850	Prunus serotina	1904	2018	Magnoliopsida	Plantae	6	220
2988354	Physocarpus opulifolius	1941	2018	Magnoliopsida	Plantae	6	220
2994912	Rubus odoratus	1947	2018	Magnoliopsida	Plantae	6	220
2992543	Rubus laciniatus	1948	2018	Magnoliopsida	Plantae	6	220
2993761	Rubus spectabilis	1941	2018	Magnoliopsida	Plantae	6	220
3082244	Cornus sericea	1885	2018	Magnoliopsida	Plantae	6	220
2986045	Philadelphus coronarius	1949	2018	Magnoliopsida	Plantae	6	220
2929710	Solanum chenopodioides	1908	2018	Magnoliopsida	Plantae	6	220
9113690	Physalis grisea	1909	2011	Magnoliopsida	Plantae	6	220
5341819	Physalis pubescens	1921	1997	Magnoliopsida	Plantae	6	220
5341784	Physalis peruviana	1893	2018	Magnoliopsida	Plantae	6	220
5341754	Nicandra physalodes	1853	2018	Magnoliopsida	Plantae	6	220
8003337	Nicotiana langsdorfii	1859	2017	Magnoliopsida	Plantae	6	220
2928775	Nicotiana rustica	1868	2014	Magnoliopsida	Plantae	6	220
2928779	Nicotiana forgetiana	1932	2001	Magnoliopsida	Plantae	6	220
2928767	Nicotiana sylvestris	1924	2017	Magnoliopsida	Plantae	6	220
2928774	Nicotiana tabacum	1930	2016	Magnoliopsida	Plantae	6	220
7894250	Datura ferox	1938	2013	Magnoliopsida	Plantae	6	220
2928755	Datura innoxia	1949	2017	Magnoliopsida	Plantae	6	220
2928751	Datura stramonium	1856	2018	Magnoliopsida	Plantae	6	220
2928835	Lycium barbarum	1857	2018	Magnoliopsida	Plantae	6	220
2928809	Lycium chinense	1946	2014	Magnoliopsida	Plantae	6	220
2928979	Hyoscyamus albus	1933	2015	Magnoliopsida	Plantae	6	220
9288303	Solanum triflorum triflorum	1893	2018	Magnoliopsida	Plantae	6	220
6290046	Solanum villosum miniatum	1899	2017	Magnoliopsida	Plantae	6	220
3802956	Solanum villosum villosum	1857	1993	Magnoliopsida	Plantae	6	220
2930262	Solanum tuberosum	1867	2018	Magnoliopsida	Plantae	6	220
2930137	Solanum lycopersicum	1861	2018	Magnoliopsida	Plantae	6	220
2930805	Solanum sarrachoides	1891	2018	Magnoliopsida	Plantae	6	220
2932011	Solanum carolinense	1947	2013	Magnoliopsida	Plantae	6	220
2932146	Solanum physalifolium nitidibaccatum	1942	2018	Magnoliopsida	Plantae	6	220
2932184	Solanum sisymbriifolium	1880	2017	Magnoliopsida	Plantae	6	220
2932944	Capsicum annuum	1905	2017	Magnoliopsida	Plantae	6	220
7427650	Convolvulus tricolor cupanianus	1925	1948	Magnoliopsida	Plantae	6	220
3678949	Calystegia pulchra	1931	2009	Magnoliopsida	Plantae	6	220
2928576	Ipomoea purpurea	1936	2017	Magnoliopsida	Plantae	6	220
5356345	Laburnum anagyroides	1860	2018	Magnoliopsida	Plantae	6	220
5356361	Lathyrus annuus	1909	1990	Magnoliopsida	Plantae	6	220
5356662	Lathyrus niger	1803	2018	Magnoliopsida	Plantae	6	220
5356704	Lathyrus vernus	1830	1952	Magnoliopsida	Plantae	6	220
5356514	Lathyrus odoratus	1880	2016	Magnoliopsida	Plantae	6	220
5356488	Lathyrus sativus	1859	1960	Magnoliopsida	Plantae	6	220
5356517	Lathyrus latifolius	1874	2018	Magnoliopsida	Plantae	6	220
5357407	Amorpha fruticosa	1946	2018	Magnoliopsida	Plantae	6	220
5358265	Ornithopus compressus	1881	2009	Magnoliopsida	Plantae	6	220
5358266	Ornithopus sativus	1855	2017	Magnoliopsida	Plantae	6	220
5356973	Lotus maritimus	1861	1933	Magnoliopsida	Plantae	6	220
5356931	Lotus angustissimus	1872	1872	Magnoliopsida	Plantae	6	220
7224427	Trifolium hybridum hybridum	1813	2018	Magnoliopsida	Plantae	6	220
5358694	Trifolium glomeratum	1900	2017	Magnoliopsida	Plantae	6	220
5358913	Trifolium lappaceum	1921	2014	Magnoliopsida	Plantae	6	220
5358912	Trifolium diffusum	1891	2011	Magnoliopsida	Plantae	6	220
5359194	Trifolium squamosum	1854	1995	Magnoliopsida	Plantae	6	220
5359175	Trifolium resupinatum	1861	2017	Magnoliopsida	Plantae	6	220
5359345	Trifolium echinatum	1904	1991	Magnoliopsida	Plantae	6	220
5359334	Trifolium vesiculosum	1913	2016	Magnoliopsida	Plantae	6	220
5359260	Trifolium patens	1920	1920	Magnoliopsida	Plantae	6	220
5359402	Trifolium hybridum elegans	1813	2016	Magnoliopsida	Plantae	6	220
5359378	Trifolium incarnatum	1859	2017	Magnoliopsida	Plantae	6	220
5359395	Trifolium angustifolium	1850	2012	Magnoliopsida	Plantae	6	220
5359499	Trifolium alpestre	1862	1879	Magnoliopsida	Plantae	6	220
5359447	Trifolium isthmocarpum	1877	1999	Magnoliopsida	Plantae	6	220
5359510	Trifolium tomentosum	1907	2017	Magnoliopsida	Plantae	6	220
5350000	Securigera varia	1803	2018	Magnoliopsida	Plantae	6	220
5348644	Coronilla scorpioides	1892	2016	Magnoliopsida	Plantae	6	220
7393432	Pisum sativum arvense	1912	2018	Magnoliopsida	Plantae	6	220
5347854	Pisum sativum sativum	1869	2018	Magnoliopsida	Plantae	6	220
5352251	Robinia pseudoacacia	1856	2018	Magnoliopsida	Plantae	6	220
5350466	Phaseolus coccineus	1889	1981	Magnoliopsida	Plantae	6	220
5350452	Phaseolus vulgaris	1902	2016	Magnoliopsida	Plantae	6	220
5350010	Lens culinaris	1852	2014	Magnoliopsida	Plantae	6	220
5353705	Hippocrepis emerus	1860	1998	Magnoliopsida	Plantae	6	220
5352425	Anthyllis vulneraria carpatica	1866	2015	Magnoliopsida	Plantae	6	220
5354500	Cytisus hirsutus	1872	1888	Magnoliopsida	Plantae	6	220
5360475	Trigonella foenum-graecum	1898	2016	Magnoliopsida	Plantae	6	220
5360498	Trigonella caerulea	1882	2011	Magnoliopsida	Plantae	6	220
5360402	Trigonella procumbens	1886	2016	Magnoliopsida	Plantae	6	220
2975667	Galega officinalis	1854	2018	Magnoliopsida	Plantae	6	220
2972595	Onobrychis viciifolia	1835	2018	Magnoliopsida	Plantae	6	220
2971095	Melilotus albus	1800	2018	Magnoliopsida	Plantae	6	220
2971112	Melilotus sulcatus	1893	2016	Magnoliopsida	Plantae	6	220
2971016	Melilotus indicus	1851	2018	Magnoliopsida	Plantae	6	220
2971036	Melilotus elegans	1949	1949	Magnoliopsida	Plantae	6	220
7068379	Vicia sativa sativa	1883	2016	Magnoliopsida	Plantae	6	220
7225470	Vicia pannonica pannonica	1877	2017	Magnoliopsida	Plantae	6	220
7225471	Vicia villosa villosa	1864	2018	Magnoliopsida	Plantae	6	220
2975416	Vicia monantha	1913	2015	Magnoliopsida	Plantae	6	220
2975384	Vicia benghalensis	1933	1966	Magnoliopsida	Plantae	6	220
2975262	Vicia peregrina	1912	1914	Magnoliopsida	Plantae	6	220
2975309	Vicia bithynica	1835	2017	Magnoliopsida	Plantae	6	220
2975257	Vicia hybrida	1876	1913	Magnoliopsida	Plantae	6	220
2975135	Vicia serratifolia	1876	2016	Magnoliopsida	Plantae	6	220
2974921	Vicia villosa varia	1867	2018	Magnoliopsida	Plantae	6	220
2974901	Vicia grandiflora	1893	2018	Magnoliopsida	Plantae	6	220
2974822	Vicia melanops	1877	2004	Magnoliopsida	Plantae	6	220
2974793	Vicia sylvatica	1886	1886	Magnoliopsida	Plantae	6	220
2974832	Vicia faba	1863	2017	Magnoliopsida	Plantae	6	220
2974753	Vicia lutea	1873	2018	Magnoliopsida	Plantae	6	220
7844167	Colutea arborescens	1813	2018	Magnoliopsida	Plantae	6	220
2951998	Ulex gallii	1895	1961	Magnoliopsida	Plantae	6	220
2951968	Ulex minor	1852	2018	Magnoliopsida	Plantae	6	220
2964025	Lupinus angustifolius	1861	2016	Magnoliopsida	Plantae	6	220
2963817	Lupinus luteus	1869	2014	Magnoliopsida	Plantae	6	220
2964355	Lupinus polyphyllus	1882	2018	Magnoliopsida	Plantae	6	220
9151957	Medicago sativa	1856	2018	Magnoliopsida	Plantae	6	220
2965531	Medicago polymorpha	1813	2018	Magnoliopsida	Plantae	6	220
2965438	Medicago rigidula	1822	1959	Magnoliopsida	Plantae	6	220
2965485	Medicago littoralis	1918	2016	Magnoliopsida	Plantae	6	220
2965232	Medicago carstiensis	1896	1896	Magnoliopsida	Plantae	6	220
2965221	Medicago laciniata	1891	2015	Magnoliopsida	Plantae	6	220
2965299	Medicago orbicularis	1854	2017	Magnoliopsida	Plantae	6	220
2965397	Medicago scutellata	1911	2009	Magnoliopsida	Plantae	6	220
2965254	Medicago tornata helix	1949	1949	Magnoliopsida	Plantae	6	220
2965280	Medicago truncatula	1834	2017	Magnoliopsida	Plantae	6	220
2965419	Medicago praecox	1887	2003	Magnoliopsida	Plantae	6	220
2947311	Cicer arietinum	1835	2005	Magnoliopsida	Plantae	6	220
2948921	Cullen americanum	1915	2001	Magnoliopsida	Plantae	6	220
5414551	Vincetoxicum nigrum	1877	2018	Magnoliopsida	Plantae	6	220
3169708	Vinca major	1835	2018	Magnoliopsida	Plantae	6	220
2916662	Asperula arvensis	1812	2014	Magnoliopsida	Plantae	6	220
2892272	Rubia tinctorum	1850	1850	Magnoliopsida	Plantae	6	220
2914590	Galium murale	1902	2018	Magnoliopsida	Plantae	6	220
8427624	Oxalis corniculata	1811	2018	Magnoliopsida	Plantae	6	220
9297163	Erodium malacoides	1902	1994	Magnoliopsida	Plantae	6	220
2891628	Erodium botrys	1826	1971	Magnoliopsida	Plantae	6	220
2891390	Geranium phaeum	1813	2018	Magnoliopsida	Plantae	6	220
2891079	Geranium macrorrhizum	1821	2018	Magnoliopsida	Plantae	6	220
2890502	Geranium endressii	1900	2018	Magnoliopsida	Plantae	6	220
2890287	Geranium nodosum	1855	2018	Magnoliopsida	Plantae	6	220
2890122	Geranium pyrenaicum	1824	2018	Magnoliopsida	Plantae	6	220
2890035	Geranium oxonianum	1900	2018	Magnoliopsida	Plantae	6	220
2890013	Geranium divaricatum	1891	2017	Magnoliopsida	Plantae	6	220
7225621	Neslia paniculata paniculata	1867	2015	Magnoliopsida	Plantae	6	220
7372514	Malcolmia maritima	1887	2017	Magnoliopsida	Plantae	6	220
5373324	Lunaria annua	1862	2018	Magnoliopsida	Plantae	6	220
5374614	Barbarea stricta	1880	2018	Magnoliopsida	Plantae	6	220
5374672	Barbarea verna	1860	2018	Magnoliopsida	Plantae	6	220
5374998	Arabis collina	1850	1948	Magnoliopsida	Plantae	6	220
5374118	Isatis tinctoria	1855	2017	Magnoliopsida	Plantae	6	220
5373358	Lobularia maritima	1870	2018	Magnoliopsida	Plantae	6	220
5373368	Rapistrum rugosum	1888	2018	Magnoliopsida	Plantae	6	220
5373365	Rapistrum perenne	1882	1919	Magnoliopsida	Plantae	6	220
5377778	Aurinia saxatilis	1889	2018	Magnoliopsida	Plantae	6	220
5376309	Diplotaxis erucoides	1920	2015	Magnoliopsida	Plantae	6	220
5376994	Lepidium graminifolium	1837	1934	Magnoliopsida	Plantae	6	220
5376925	Lepidium bonariense	1906	2012	Magnoliopsida	Plantae	6	220
5377064	Lepidium densiflorum	1886	2018	Magnoliopsida	Plantae	6	220
5377060	Lepidium didymum	1857	2018	Magnoliopsida	Plantae	6	220
5376648	Lepidium virginicum	1859	2018	Magnoliopsida	Plantae	6	220
5376565	Lepidium sativum	1859	2017	Magnoliopsida	Plantae	6	220
5376846	Lepidium heterophyllum	1866	2018	Magnoliopsida	Plantae	6	220
5376816	Lepidium perfoliatum	1871	2016	Magnoliopsida	Plantae	6	220
5376692	Lepidium latifolium	1813	2018	Magnoliopsida	Plantae	6	220
5375547	Erucastrum gallicum	1856	2017	Magnoliopsida	Plantae	6	220
5375925	Eruca vesicaria sativa	1837	2017	Magnoliopsida	Plantae	6	220
5551241	Iberis sempervirens	1912	2017	Magnoliopsida	Plantae	6	220
5377286	Iberis pinnata	1892	1912	Magnoliopsida	Plantae	6	220
5377303	Iberis umbellata	1879	2018	Magnoliopsida	Plantae	6	220
3042291	Hesperis matronalis	1821	2018	Magnoliopsida	Plantae	6	220
9073641	Camelina sativa	1870	2017	Magnoliopsida	Plantae	6	220
3042416	Camelina microcarpa	1848	2017	Magnoliopsida	Plantae	6	220
3042399	Camelina alyssum	1813	1921	Magnoliopsida	Plantae	6	220
3042439	Camelina rumelica	1893	1912	Magnoliopsida	Plantae	6	220
7903057	Brassica rapa	1900	2018	Magnoliopsida	Plantae	6	220
3042751	Brassica juncea	1857	2017	Magnoliopsida	Plantae	6	220
3042624	Brassica tournefortii	1922	2013	Magnoliopsida	Plantae	6	220
3042636	Brassica napus	1858	2018	Magnoliopsida	Plantae	6	220
7678610	Raphanus sativus	1906	2018	Magnoliopsida	Plantae	6	220
3041022	Armoracia rusticana	1853	2018	Magnoliopsida	Plantae	6	220
3042086	Pseudoturritis turrita	1862	2018	Magnoliopsida	Plantae	6	220
3040913	Conringia orientalis	1835	1996	Magnoliopsida	Plantae	6	220
3046875	Sisymbrium loeselii	1872	2018	Magnoliopsida	Plantae	6	220
3046851	Sisymbrium irio	1886	2018	Magnoliopsida	Plantae	6	220
3046812	Sisymbrium orientale	1823	2018	Magnoliopsida	Plantae	6	220
3046736	Sisymbrium altissimum	1840	2018	Magnoliopsida	Plantae	6	220
3046925	Sisymbrium austriacum chrysanthum	1858	2018	Magnoliopsida	Plantae	6	220
3045111	Alyssum murale	1850	2018	Magnoliopsida	Plantae	6	220
3045042	Alyssum simplex	1850	1924	Magnoliopsida	Plantae	6	220
3044349	Chorispora tenella	1904	2015	Magnoliopsida	Plantae	6	220
3044133	Descurainia pinnata	1894	2011	Magnoliopsida	Plantae	6	220
3054110	Aubrieta columnae	1896	2018	Magnoliopsida	Plantae	6	220
3053406	Rorippa austriaca	1893	2018	Magnoliopsida	Plantae	6	220
3053522	Berteroa incana	1600	2018	Magnoliopsida	Plantae	6	220
3052450	Arabidopsis halleri	1947	2018	Magnoliopsida	Plantae	6	220
3052738	Thlaspi alliaceum	1850	2018	Magnoliopsida	Plantae	6	220
3050357	Bunias erucago	1854	1969	Magnoliopsida	Plantae	6	220
3050364	Bunias orientalis	1858	2018	Magnoliopsida	Plantae	6	220
3047811	Myagrum perfoliatum	1821	2018	Magnoliopsida	Plantae	6	220
3048203	Erysimum cheiri	1554	2018	Magnoliopsida	Plantae	6	220
3048166	Erysimum repandum	1823	2018	Magnoliopsida	Plantae	6	220
3047621	Sinapis alba	1800	2018	Magnoliopsida	Plantae	6	220
3040253	Reseda phyteuma	1903	2005	Magnoliopsida	Plantae	6	220
3040254	Reseda alba	1857	2017	Magnoliopsida	Plantae	6	220
3040255	Reseda odorata	1870	2011	Magnoliopsida	Plantae	6	220
2928226	Phacelia tanacetifolia	1884	2018	Magnoliopsida	Plantae	6	220
7295374	Anchusa officinalis officinalis	1828	2018	Magnoliopsida	Plantae	6	220
5341198	Anchusa azurea	1850	2000	Magnoliopsida	Plantae	6	220
7958783	Pulmonaria mollis	1850	2018	Magnoliopsida	Plantae	6	220
5341203	Pulmonaria saccharata	1850	2015	Magnoliopsida	Plantae	6	220
5341204	Pulmonaria officinalis	1792	2018	Magnoliopsida	Plantae	6	220
2926130	Pentaglottis sempervirens	1836	2018	Magnoliopsida	Plantae	6	220
2926055	Asperugo procumbens	1850	2015	Magnoliopsida	Plantae	6	220
2926066	Symphytum asperum	1884	2018	Magnoliopsida	Plantae	6	220
2926108	Cerinthe major	1921	1927	Magnoliopsida	Plantae	6	220
2926110	Borago officinalis	1850	2018	Magnoliopsida	Plantae	6	220
2926045	Brunnera macrophylla	1942	2018	Magnoliopsida	Plantae	6	220
2926048	Omphalodes verna	1821	2018	Magnoliopsida	Plantae	6	220
2925895	Echium plantagineum	1906	2017	Magnoliopsida	Plantae	6	220
8386733	Amsinckia lycopsoides	1874	2018	Magnoliopsida	Plantae	6	220
2925879	Amsinckia eastwoodiae	1924	1924	Magnoliopsida	Plantae	6	220
2925756	Lappula squarrosa	1811	2017	Magnoliopsida	Plantae	6	220
2925767	Heliotropium europaeum	1854	2016	Magnoliopsida	Plantae	6	220
7346090	Erythranthe moschata	1882	2018	Magnoliopsida	Plantae	6	220
7332516	Orobanche flava	1944	1945	Magnoliopsida	Plantae	6	220
3728894	Phelipanche ramosa	1792	2000	Magnoliopsida	Plantae	6	220
5415039	Syringa vulgaris	1854	2018	Magnoliopsida	Plantae	6	220
3172347	Fraxinus ornus	1871	2018	Magnoliopsida	Plantae	6	220
5415100	Proboscidea louisianica	1947	1973	Magnoliopsida	Plantae	6	220
4055853	Buddleja albiflora	1945	1945	Magnoliopsida	Plantae	6	220
3173338	Buddleja davidii	1930	2018	Magnoliopsida	Plantae	6	220
7477038	Scrophularia scorodonia	1907	1907	Magnoliopsida	Plantae	6	220
7810918	Scrophularia vernalis	1814	2018	Magnoliopsida	Plantae	6	220
3171948	Verbascum phlomoides	1811	2018	Magnoliopsida	Plantae	6	220
3171951	Verbascum phoeniceum	1895	2017	Magnoliopsida	Plantae	6	220
3171954	Verbascum virgatum	1906	2018	Magnoliopsida	Plantae	6	220
7331861	Cymbalaria muralis muralis	1835	2018	Magnoliopsida	Plantae	6	220
5415013	Linaria genistifolia	1891	1927	Magnoliopsida	Plantae	6	220
5415016	Linaria maroccana	1938	2017	Magnoliopsida	Plantae	6	220
7303104	Plantago afra	1884	2017	Magnoliopsida	Plantae	6	220
3189762	Plantago arenaria	1811	2018	Magnoliopsida	Plantae	6	220
3172104	Veronica peregrina	1836	2018	Magnoliopsida	Plantae	6	220
3172118	Veronica longifolia	1830	2018	Magnoliopsida	Plantae	6	220
3172077	Veronica persica	1824	2018	Magnoliopsida	Plantae	6	220
3172100	Veronica filiformis	1927	2018	Magnoliopsida	Plantae	6	220
3172001	Antirrhinum majus	1846	2018	Magnoliopsida	Plantae	6	220
7307492	Leonurus quinquelobatus	1850	2018	Magnoliopsida	Plantae	6	220
6409536	Ballota nigra nigra	1907	2018	Magnoliopsida	Plantae	6	220
5341387	Hyssopus officinalis	1821	2018	Magnoliopsida	Plantae	6	220
5341373	Scutellaria altissima	1884	2018	Magnoliopsida	Plantae	6	220
5341310	Galeopsis pubescens	1856	2018	Magnoliopsida	Plantae	6	220
5341501	Melissa officinalis	1800	2018	Magnoliopsida	Plantae	6	220
7350989	Nepeta faassenii	1946	2018	Magnoliopsida	Plantae	6	220
5607452	Thymus citriodorus	1866	1974	Magnoliopsida	Plantae	6	220
5341442	Thymus vulgaris	1899	2018	Magnoliopsida	Plantae	6	220
3883897	Clinopodium menthifolium	1855	2018	Magnoliopsida	Plantae	6	220
6411098	Lamium galeobdolon argentatum	1897	2018	Magnoliopsida	Plantae	6	220
2927096	Ocimum basilicum	1886	2016	Magnoliopsida	Plantae	6	220
2927296	Stachys cretica	1872	1942	Magnoliopsida	Plantae	6	220
2927230	Stachys byzantina	1882	2017	Magnoliopsida	Plantae	6	220
2927222	Dracocephalum moldavica	1862	1975	Magnoliopsida	Plantae	6	220
2927220	Dracocephalum parviflorum	1893	2017	Magnoliopsida	Plantae	6	220
2927305	Lavandula angustifolia	1949	2018	Magnoliopsida	Plantae	6	220
6409706	Salvia verbenaca	1835	2013	Magnoliopsida	Plantae	6	220
3883959	Salvia viridis	1916	2017	Magnoliopsida	Plantae	6	220
2927028	Salvia nemorosa	1864	2017	Magnoliopsida	Plantae	6	220
2927026	Salvia glutinosa	1890	2016	Magnoliopsida	Plantae	6	220
2927000	Salvia sclarea	1811	2012	Magnoliopsida	Plantae	6	220
2926995	Salvia verticillata	1863	2018	Magnoliopsida	Plantae	6	220
2927004	Salvia officinalis	1920	2017	Magnoliopsida	Plantae	6	220
2927001	Salvia reflexa	1947	2012	Magnoliopsida	Plantae	6	220
2926686	Sideritis lanata	1907	1907	Magnoliopsida	Plantae	6	220
2926688	Sideritis montana	1850	2013	Magnoliopsida	Plantae	6	220
2926885	Satureja hortensis	1863	1959	Magnoliopsida	Plantae	6	220
2926884	Satureja montana	1933	2008	Magnoliopsida	Plantae	6	220
2925514	Verbena bonariensis	1893	2018	Magnoliopsida	Plantae	6	220
2925527	Verbena hastata	1902	2017	Magnoliopsida	Plantae	6	220
3169391	Lysimachia ciliata	1811	2017	Magnoliopsida	Plantae	6	220
3169340	Lysimachia punctata	1847	2018	Magnoliopsida	Plantae	6	220
2927850	Polemonium caeruleum	1864	2018	Magnoliopsida	Plantae	6	220
2927783	Phlox maculata	1943	1943	Magnoliopsida	Plantae	6	220
2927684	Navarretia squarrosa	1877	2012	Magnoliopsida	Plantae	6	220
2891782	Impatiens parviflora	1839	2018	Magnoliopsida	Plantae	6	220
2891770	Impatiens glandulifera	1891	2018	Magnoliopsida	Plantae	6	220
7327990	Rhododendron ponticum	1920	2018	Magnoliopsida	Plantae	6	220
5682465	Erica carnea	1944	2011	Magnoliopsida	Plantae	6	220
5333408	Erica vagans	1900	1913	Magnoliopsida	Plantae	6	220
2882753	Gaultheria procumbens	1943	2014	Magnoliopsida	Plantae	6	220
2888298	Moneses uniflora	1850	1949	Magnoliopsida	Plantae	6	220
2883007	Kalmia angustifolia	1903	2018	Magnoliopsida	Plantae	6	220
2888310	Orthilia secunda	1901	1956	Magnoliopsida	Plantae	6	220
4090836	Armeria maritima elongata	1851	2018	Magnoliopsida	Plantae	6	220
8243150	Spirobassia hirsuta	1850	1850	Magnoliopsida	Plantae	6	220
6447806	Axyris amaranthoides	1918	2005	Magnoliopsida	Plantae	6	220
5568446	Dysphania ambrosioides	1850	2018	Magnoliopsida	Plantae	6	220
5568322	Dysphania schraderiana	1886	2011	Magnoliopsida	Plantae	6	220
5568339	Dysphania pumilio	1887	2018	Magnoliopsida	Plantae	6	220
5568361	Dysphania multifida	1882	1948	Magnoliopsida	Plantae	6	220
5568424	Dysphania carinata	1940	1995	Magnoliopsida	Plantae	6	220
5568428	Dysphania botrys	1829	2017	Magnoliopsida	Plantae	6	220
5568188	Bassia laniflora	1861	1861	Magnoliopsida	Plantae	6	220
7068845	Beta vulgaris vulgaris	1891	2018	Magnoliopsida	Plantae	6	220
5567951	Beta macrocarpa	1910	2015	Magnoliopsida	Plantae	6	220
5568899	Blitum nuttallianum	1900	1994	Magnoliopsida	Plantae	6	220
5383969	Blitum virgatum	1858	2018	Magnoliopsida	Plantae	6	220
5383971	Blitum capitatum	1850	1980	Magnoliopsida	Plantae	6	220
9080185	Amaranthus hypochondriacus	1857	2018	Magnoliopsida	Plantae	6	220
8911082	Amaranthus blitum	1835	2018	Magnoliopsida	Plantae	6	220
7905507	Amaranthus albus	1857	2018	Magnoliopsida	Plantae	6	220
6109534	Amaranthus retroflexus	1857	2018	Magnoliopsida	Plantae	6	220
6109611	Amaranthus caudatus	1874	2017	Magnoliopsida	Plantae	6	220
7323711	Amaranthus quitensis	1898	2013	Magnoliopsida	Plantae	6	220
5384396	Amaranthus deflexus	1850	2018	Magnoliopsida	Plantae	6	220
5384395	Amaranthus blitoides	1886	2018	Magnoliopsida	Plantae	6	220
5384401	Amaranthus spinosus	1887	2007	Magnoliopsida	Plantae	6	220
5548401	Amaranthus standleyanus	1903	2009	Magnoliopsida	Plantae	6	220
5384364	Amaranthus hybridus	1870	2018	Magnoliopsida	Plantae	6	220
5384383	Amaranthus thunbergii	1857	1975	Magnoliopsida	Plantae	6	220
5384373	Amaranthus graecizans	1874	1962	Magnoliopsida	Plantae	6	220
5384334	Amaranthus viridis	1905	2013	Magnoliopsida	Plantae	6	220
5384332	Amaranthus muricatus	1947	1975	Magnoliopsida	Plantae	6	220
3083702	Atriplex tatarica	1835	2018	Magnoliopsida	Plantae	6	220
3083718	Atriplex halimus	1922	1929	Magnoliopsida	Plantae	6	220
3083761	Atriplex hortensis	1859	2018	Magnoliopsida	Plantae	6	220
3083745	Atriplex rosea	1830	1953	Magnoliopsida	Plantae	6	220
3083647	Spinacia oleracea	1872	2017	Magnoliopsida	Plantae	6	220
3756077	Chenopodium giganteum	1947	2005	Magnoliopsida	Plantae	6	220
3083903	Chenopodium opulifolium	1857	2015	Magnoliopsida	Plantae	6	220
3083921	Chenopodium pratericola	1893	1953	Magnoliopsida	Plantae	6	220
3083934	Chenopodium hircinum	1874	1983	Magnoliopsida	Plantae	6	220
3083920	Chenopodium berlandieri	1918	2018	Magnoliopsida	Plantae	6	220
3083975	Corispermum pallasii	1917	2018	Magnoliopsida	Plantae	6	220
3084939	Alternanthera sessilis	1895	1951	Magnoliopsida	Plantae	6	220
3084611	Mollugo verticillata	1887	2014	Magnoliopsida	Plantae	6	220
4023278	Portulaca granulatostellulata	1865	2013	Magnoliopsida	Plantae	6	220
4021919	Portulaca sativa	1887	2017	Magnoliopsida	Plantae	6	220
3084719	Portulaca oleracea	1866	2008	Magnoliopsida	Plantae	6	220
3084700	Portulaca grandiflora	1929	2009	Magnoliopsida	Plantae	6	220
5384307	Tetragonia tetragonioides	1888	2017	Magnoliopsida	Plantae	6	220
3084837	Mesembryanthemum nodiflorum	1895	1949	Magnoliopsida	Plantae	6	220
3084742	Claytonia sibirica	1939	2018	Magnoliopsida	Plantae	6	220
5384459	Gypsophila pilosa	1907	1955	Magnoliopsida	Plantae	6	220
5384458	Gypsophila paniculata	1882	2015	Magnoliopsida	Plantae	6	220
5384466	Gypsophila elegans	1883	2017	Magnoliopsida	Plantae	6	220
7746901	Silene otites	1858	1920	Magnoliopsida	Plantae	6	220
8184157	Silene stricta	1908	2013	Magnoliopsida	Plantae	6	220
7267309	Silene baccifera	1824	2005	Magnoliopsida	Plantae	6	220
5384848	Silene gallica	1824	2017	Magnoliopsida	Plantae	6	220
5384852	Silene conoidea	1876	2011	Magnoliopsida	Plantae	6	220
5384741	Silene coronaria	1850	2018	Magnoliopsida	Plantae	6	220
5384818	Silene dichotoma	1860	2018	Magnoliopsida	Plantae	6	220
5384773	Silene pendula	1866	1988	Magnoliopsida	Plantae	6	220
5585975	Silene muscipula	1918	2000	Magnoliopsida	Plantae	6	220
3593900	Herniaria cinerea	1895	1955	Magnoliopsida	Plantae	6	220
3085360	Saponaria officinalis	1800	2018	Magnoliopsida	Plantae	6	220
3085320	Vaccaria hispanica	1811	2015	Magnoliopsida	Plantae	6	220
6363496	Dianthus superbus	1850	1850	Magnoliopsida	Plantae	6	220
3085412	Dianthus plumarius	1850	1955	Magnoliopsida	Plantae	6	220
3085421	Dianthus barbatus	1867	2017	Magnoliopsida	Plantae	6	220
3085381	Polycarpon tetraphyllum	1844	2018	Magnoliopsida	Plantae	6	220
3085623	Petrorhagia saxifraga	1948	2018	Magnoliopsida	Plantae	6	220
3085438	Cerastium tomentosum	1945	2018	Magnoliopsida	Plantae	6	220
3086240	Mirabilis jalapa	1858	2017	Magnoliopsida	Plantae	6	220
8380575	Tamarix gallica	1940	2018	Magnoliopsida	Plantae	6	220
2874692	Frankenia pulverulenta	1835	2004	Magnoliopsida	Plantae	6	220
5334430	Polygonum bellardii	1882	2015	Magnoliopsida	Plantae	6	220
5334351	Fallopia baldschuanica	1942	2018	Magnoliopsida	Plantae	6	220
2889378	Fagopyrum tataricum	1856	2016	Magnoliopsida	Plantae	6	220
2889373	Fagopyrum esculentum	1855	2018	Magnoliopsida	Plantae	6	220
2889229	Persicaria orientalis	1873	2010	Magnoliopsida	Plantae	6	220
2889173	Reynoutria japonica	1882	2018	Magnoliopsida	Plantae	6	220
2889088	Reynoutria sachalinensis	1924	2018	Magnoliopsida	Plantae	6	220
2889038	Rumex dentatus	1891	1954	Magnoliopsida	Plantae	6	220
2889019	Rumex patientia	1866	2018	Magnoliopsida	Plantae	6	220
2889023	Rumex stenophyllus	1904	2017	Magnoliopsida	Plantae	6	220
2888943	Rumex confertus	1918	1918	Magnoliopsida	Plantae	6	220
2888946	Rumex longifolius	1857	2017	Magnoliopsida	Plantae	6	220
2888962	Rumex brownei	1895	1964	Magnoliopsida	Plantae	6	220
2888990	Rumex salicifolius	1913	2018	Magnoliopsida	Plantae	6	220
2888993	Rumex bucephalophorus	1928	1928	Magnoliopsida	Plantae	6	220
5333294	Castanea sativa	1873	2018	Magnoliopsida	Plantae	6	220
9148577	Alnus incana	1869	2018	Magnoliopsida	Plantae	6	220
2874680	Ecballium elaterium	1875	1875	Magnoliopsida	Plantae	6	220
2874508	Cucurbita pepo	1901	2018	Magnoliopsida	Plantae	6	220
2874655	Sicyos angulatus	1882	2015	Magnoliopsida	Plantae	6	220
2874621	Citrullus lanatus	1908	2017	Magnoliopsida	Plantae	6	220
2874570	Cucumis melo	1949	2017	Magnoliopsida	Plantae	6	220
7313595	Asarum europaeum	1811	2018	Magnoliopsida	Plantae	6	220
2873991	Aristolochia clematitis	1828	2018	Magnoliopsida	Plantae	6	220
8338793	Modiola caroliniana	1893	2017	Magnoliopsida	Plantae	6	220
5406789	Alcea rosea	1945	2018	Magnoliopsida	Plantae	6	220
3935421	Malope trifida	1905	2014	Magnoliopsida	Plantae	6	220
3152493	Anoda cristata	1940	2017	Magnoliopsida	Plantae	6	220
3152560	Hibiscus trionum	1892	2017	Magnoliopsida	Plantae	6	220
3152264	Malvastrum americanum	1892	2011	Magnoliopsida	Plantae	6	220
3940960	Malva punctata	1918	1918	Magnoliopsida	Plantae	6	220
3940423	Malva thuringiaca	1893	2017	Magnoliopsida	Plantae	6	220
3152372	Malva pusilla	1872	2018	Magnoliopsida	Plantae	6	220
3152377	Malva verticillata	1858	2017	Magnoliopsida	Plantae	6	220
3152378	Malva parviflora	1850	2018	Magnoliopsida	Plantae	6	220
3152367	Malva nicaeensis	1891	2016	Magnoliopsida	Plantae	6	220
3152614	Abutilon theophrasti	1929	2018	Magnoliopsida	Plantae	6	220
2874024	Tuberaria guttata	1837	1837	Magnoliopsida	Plantae	6	220
5334227	Lonicera caprifolium	1851	2018	Magnoliopsida	Plantae	6	220
5334242	Lonicera tatarica	1939	2017	Magnoliopsida	Plantae	6	220
7298858	Valerianella coronata	1823	1906	Magnoliopsida	Plantae	6	220
2888773	Valerianella eriocarpa	1813	1954	Magnoliopsida	Plantae	6	220
8355821	Cephalaria syriaca	1891	2011	Magnoliopsida	Plantae	6	220
2888816	Dipsacus sativus	1835	1953	Magnoliopsida	Plantae	6	220
2888814	Dipsacus laciniatus	1876	2018	Magnoliopsida	Plantae	6	220
3922770	Aconitum napellus giganteum	1835	2018	Magnoliopsida	Plantae	6	220
8246651	Adonis flammea	1864	2018	Magnoliopsida	Plantae	6	220
5371709	Adonis annua	1846	2018	Magnoliopsida	Plantae	6	220
5371702	Nigella damascena	1860	2018	Magnoliopsida	Plantae	6	220
3927790	Ranunculus gramineus	1850	1850	Magnoliopsida	Plantae	6	220
3033318	Ranunculus muricatus	1886	2017	Magnoliopsida	Plantae	6	220
3033434	Ranunculus parviflorus	1868	2018	Magnoliopsida	Plantae	6	220
3927746	Anemone apennina	1807	2018	Magnoliopsida	Plantae	6	220
3921611	Clematis flammula	1869	1958	Magnoliopsida	Plantae	6	220
3033543	Clematis recta	1834	2018	Magnoliopsida	Plantae	6	220
3033518	Clematis viticella	1864	2018	Magnoliopsida	Plantae	6	220
3033227	Eranthis hyemalis	1813	2018	Magnoliopsida	Plantae	6	220
3033131	Thalictrum aquilegifolium	1856	2018	Magnoliopsida	Plantae	6	220
6374953	Helleborus orientalis	1947	2018	Magnoliopsida	Plantae	6	220
3033107	Helleborus niger	1792	1888	Magnoliopsida	Plantae	6	220
3033757	Delphinium elatum	1949	2017	Magnoliopsida	Plantae	6	220
7695021	Epimedium alpinum	1847	2018	Magnoliopsida	Plantae	6	220
3033868	Berberis aquifolium	1906	2018	Magnoliopsida	Plantae	6	220
7315023	Roemeria hybrida	1927	2016	Magnoliopsida	Plantae	6	220
5530881	Corydalis cava	1861	2018	Magnoliopsida	Plantae	6	220
5530829	Corydalis cheilanthifolia	1918	2014	Magnoliopsida	Plantae	6	220
5334188	Glaucium corniculatum	1880	2011	Magnoliopsida	Plantae	6	220
2888485	Argemone mexicana	1891	1957	Magnoliopsida	Plantae	6	220
3602069	Papaver somniferum somniferum	1854	2018	Magnoliopsida	Plantae	6	220
2888446	Papaver hybridum	1880	2017	Magnoliopsida	Plantae	6	220
2888553	Dicentra formosa	1916	2017	Magnoliopsida	Plantae	6	220
7315063	Pseudofumaria alba	1905	2018	Magnoliopsida	Plantae	6	220
2888513	Pseudofumaria lutea	1824	2018	Magnoliopsida	Plantae	6	220
2888559	Hypecoum pendulum	1903	2004	Magnoliopsida	Plantae	6	220
2888380	Eschscholzia californica	1888	2017	Magnoliopsida	Plantae	6	220
7628663	Viola cornuta	1835	1958	Magnoliopsida	Plantae	6	220
7901652	Viola wittrockiana	1935	2017	Magnoliopsida	Plantae	6	220
5646136	Elatine alsinastrum	1860	1863	Magnoliopsida	Plantae	6	220
3711564	Hypericum inodorum	1862	2017	Magnoliopsida	Plantae	6	220
3189497	Hypericum calycinum	1867	2017	Magnoliopsida	Plantae	6	220
5380041	Ricinus communis	1940	2015	Magnoliopsida	Plantae	6	220
3064269	Euphorbia esula tommasiniana	1850	2018	Magnoliopsida	Plantae	6	220
3064056	Euphorbia palustris	1838	2018	Magnoliopsida	Plantae	6	220
3066179	Euphorbia seguieriana	1858	2018	Magnoliopsida	Plantae	6	220
3066112	Euphorbia epithymoides	1937	2017	Magnoliopsida	Plantae	6	220
3066965	Euphorbia lathyris	1554	2018	Magnoliopsida	Plantae	6	220
3067054	Euphorbia humifusa	1880	2018	Magnoliopsida	Plantae	6	220
5372647	Salix pentandra	1835	2015	Magnoliopsida	Plantae	6	220
2873926	Linum grandiflorum	1887	2013	Magnoliopsida	Plantae	6	220
2873861	Linum usitatissimum	1830	2018	Magnoliopsida	Plantae	6	220
2653321	Ephedra distachya	1842	2005	Gnetopsida	Plantae	6	282
2677047	Orthodontium lineare	1945	2018	Bryopsida	Plantae	6	327
2688189	Selaginella kraussiana	1887	2018	Lycopodiopsida	Plantae	6	245
2865526	Vallisneria spiralis	1864	2017	Liliopsida	Plantae	6	196
5329212	Elodea nuttallii	1939	2018	Liliopsida	Plantae	6	196
2865448	Elodea canadensis	1860	2018	Liliopsida	Plantae	6	196
2873769	Acorus calamus	1680	2018	Liliopsida	Plantae	6	196
6109699	Phoenix dactylifera	1945	2017	Liliopsida	Plantae	6	196
5299675	Tulipa gesneriana	1850	2018	Liliopsida	Plantae	6	196
5299536	Tulipa sylvestris	1800	2018	Liliopsida	Plantae	6	196
2753146	Lilium martagon	1912	2018	Liliopsida	Plantae	6	196
2778358	Asphodelus tenuifolius	1887	1920	Liliopsida	Plantae	6	196
2781074	Hemerocallis fulva	1935	2018	Liliopsida	Plantae	6	196
2784401	Traunsteinera globosa	1812	1812	Liliopsida	Plantae	6	196
2840931	Goodyera repens	1902	2018	Liliopsida	Plantae	6	196
9177060	Allium scorodoprasum	1925	2018	Liliopsida	Plantae	6	196
2855968	Allium carinatum	1811	2017	Liliopsida	Plantae	6	196
2855860	Allium schoenoprasum	1836	2018	Liliopsida	Plantae	6	196
2855356	Galanthus nivalis	1939	2018	Liliopsida	Plantae	6	196
2858581	Narcissus poeticus	1868	2018	Liliopsida	Plantae	6	196
5296178	Sisyrinchium montanum	1939	2018	Liliopsida	Plantae	6	196
5298126	Iris sibirica	1850	2017	Liliopsida	Plantae	6	196
5298069	Iris germanica	1870	2018	Liliopsida	Plantae	6	196
5298675	Iris pumila	1888	2018	Liliopsida	Plantae	6	196
5304257	Hyacinthoides hispanica	1882	2018	Liliopsida	Plantae	6	196
2769766	Ruscus aculeatus	1800	2018	Liliopsida	Plantae	6	196
2773281	Ornithogalum nutans	1835	2014	Liliopsida	Plantae	6	196
2773453	Ornithogalum divergens	1919	2018	Liliopsida	Plantae	6	196
2764179	Commelina communis	1947	2015	Liliopsida	Plantae	6	196
2765272	Tradescantia virginiana	1946	2017	Liliopsida	Plantae	6	196
5289492	Typha minima	1827	2016	Liliopsida	Plantae	6	196
7070211	Cyperus longus longus	1911	2018	Liliopsida	Plantae	6	196
2715482	Cyperus eragrostis	1896	2018	Liliopsida	Plantae	6	196
7810452	Dasypyrum villosum	1887	2017	Liliopsida	Plantae	6	196
7998563	Diplachne fusca fusca	1911	1953	Liliopsida	Plantae	6	196
8257546	Diplachne fusca fascicularis	1831	2016	Liliopsida	Plantae	6	196
6109637	Cynodon dactylon	1813	2018	Liliopsida	Plantae	6	196
5289781	Aegilops geniculata	1854	1973	Liliopsida	Plantae	6	196
5289783	Aegilops cylindrica	1876	2014	Liliopsida	Plantae	6	196
5289731	Cenchrus longispinus	1888	2004	Liliopsida	Plantae	6	196
5289752	Phalaris minor	1850	2017	Liliopsida	Plantae	6	196
5289756	Phalaris arundinacea	1861	2017	Liliopsida	Plantae	6	196
5289758	Phalaris paradoxa	1850	2016	Liliopsida	Plantae	6	196
5289745	Phalaris brachystachys	1906	2016	Liliopsida	Plantae	6	196
5289744	Phalaris canariensis	1847	2018	Liliopsida	Plantae	6	196
7226776	Setaria verticillata verticillata	1800	2018	Liliopsida	Plantae	6	196
5289684	Setaria viridis	1800	2018	Liliopsida	Plantae	6	196
5289698	Setaria italica	1856	2018	Liliopsida	Plantae	6	196
5289679	Setaria parviflora	1887	2018	Liliopsida	Plantae	6	196
5290143	Brachypodium distachyon	1823	1956	Liliopsida	Plantae	6	196
5290144	Brachypodium phoenicoides	1946	2018	Liliopsida	Plantae	6	196
5290130	Tragus australianus	1899	1963	Liliopsida	Plantae	6	196
5290126	Tragus racemosus	1850	2018	Liliopsida	Plantae	6	196
5290069	Parapholis incurva	1895	2018	Liliopsida	Plantae	6	196
5290059	Beckmannia syzigachne	1911	2012	Liliopsida	Plantae	6	196
5290052	Zea mays	1923	2018	Liliopsida	Plantae	6	196
5289919	Polypogon viridis	1894	2018	Liliopsida	Plantae	6	196
5289917	Polypogon monspeliensis	1836	2018	Liliopsida	Plantae	6	196
5289913	Polypogon maritimus	1911	2016	Liliopsida	Plantae	6	196
5289906	Rostraria cristata	1891	2018	Liliopsida	Plantae	6	196
5674047	Nassella hyalina	1897	1897	Liliopsida	Plantae	6	196
5289833	Nassella tenuissima	1894	2018	Liliopsida	Plantae	6	196
5289620	Chloris truncata	1887	1963	Liliopsida	Plantae	6	196
5289624	Chloris virgata	1865	1959	Liliopsida	Plantae	6	196
5676903	Apera intermedia	1907	2013	Liliopsida	Plantae	6	196
5289643	Apera interrupta	1818	2018	Liliopsida	Plantae	6	196
5679032	Vulpia geniculata	1886	2005	Liliopsida	Plantae	6	196
5679007	Vulpia ligustica	1871	1923	Liliopsida	Plantae	6	196
5290177	Lagurus ovatus	1848	2018	Liliopsida	Plantae	6	196
5290242	Gaudinia fragilis	1907	2018	Liliopsida	Plantae	6	196
5290282	Elymus canadensis	1949	2014	Liliopsida	Plantae	6	196
4142326	Achnatherum calamagrostis	1835	2018	Liliopsida	Plantae	6	196
4135892	Lachnagrostis lachnantha	1891	1959	Liliopsida	Plantae	6	196
4135963	Lachnagrostis filiformis	1892	2013	Liliopsida	Plantae	6	196
5289972	Digitaria sanguinalis	1856	2018	Liliopsida	Plantae	6	196
4131042	Bromus hordeaceus longipedicellatus	1895	2017	Liliopsida	Plantae	6	196
2703698	Bromus sitchensis	1944	2018	Liliopsida	Plantae	6	196
2703700	Bromus squarrosus	1850	2012	Liliopsida	Plantae	6	196
2703670	Bromus inermis	1823	2018	Liliopsida	Plantae	6	196
2703733	Bromus lanceolatus	1888	2000	Liliopsida	Plantae	6	196
2703740	Bromus rubens	1904	2017	Liliopsida	Plantae	6	196
2703760	Bromus diandrus	1905	2018	Liliopsida	Plantae	6	196
2703711	Bromus lepidus	1916	2012	Liliopsida	Plantae	6	196
2703721	Bromus madritensis	1848	2018	Liliopsida	Plantae	6	196
2703723	Bromus catharticus	1864	2018	Liliopsida	Plantae	6	196
2704394	Cynosurus echinatus	1824	2017	Liliopsida	Plantae	6	196
2704038	Muhlenbergia mexicana	1824	2017	Liliopsida	Plantae	6	196
2704102	Bothriochloa ischaemum	1813	1916	Liliopsida	Plantae	6	196
2702793	Briza minor	1812	1980	Liliopsida	Plantae	6	196
2702792	Briza maxima	1853	2017	Liliopsida	Plantae	6	196
2702812	Echinochloa colona	1889	2016	Liliopsida	Plantae	6	196
2702798	Echinochloa esculenta	1948	2018	Liliopsida	Plantae	6	196
2702808	Echinochloa crus-galli	1800	2018	Liliopsida	Plantae	6	196
2702519	Eriochloa pseudoacrotricha	1904	1959	Liliopsida	Plantae	6	196
2705972	Anthoxanthum aristatum	1840	2018	Liliopsida	Plantae	6	196
2705666	Taeniatherum caput-medusae	1911	2011	Liliopsida	Plantae	6	196
2705690	Hainardia cylindrica	1906	1956	Liliopsida	Plantae	6	196
2705955	Eleusine tristachya	1886	2018	Liliopsida	Plantae	6	196
2705957	Eleusine coracana	1947	1992	Liliopsida	Plantae	6	196
2705953	Eleusine indica	1857	1857	Liliopsida	Plantae	6	196
2705869	Urochloa panicoides	1949	2009	Liliopsida	Plantae	6	196
8174035	Avena nuda	1881	2009	Liliopsida	Plantae	6	196
7226804	Avena sterilis sterilis	1823	2016	Liliopsida	Plantae	6	196
2705295	Avena strigosa	1811	2015	Liliopsida	Plantae	6	196
2705300	Avena barbata	1824	2018	Liliopsida	Plantae	6	196
2705290	Avena sativa	1854	2018	Liliopsida	Plantae	6	196
2705181	Sorghum bicolor	1935	2018	Liliopsida	Plantae	6	196
2705185	Sorghum halepense	1884	2018	Liliopsida	Plantae	6	196
2705325	Eragrostis tef	1939	2016	Liliopsida	Plantae	6	196
2705339	Eragrostis mexicana	1822	1955	Liliopsida	Plantae	6	196
2705449	Eragrostis minor	1835	2018	Liliopsida	Plantae	6	196
2705393	Eragrostis parviflora	1887	1969	Liliopsida	Plantae	6	196
2705378	Eragrostis curvula	1911	2018	Liliopsida	Plantae	6	196
2705369	Eragrostis cilianensis	1824	2017	Liliopsida	Plantae	6	196
2705420	Eragrostis pectinacea	1940	2012	Liliopsida	Plantae	6	196
2705401	Eragrostis multicaulis	1943	2018	Liliopsida	Plantae	6	196
2705400	Eragrostis pilosa	1877	2015	Liliopsida	Plantae	6	196
9393876	Sporobolus townsendii	1938	2018	Liliopsida	Plantae	6	196
2704757	Sporobolus indicus	1886	2017	Liliopsida	Plantae	6	196
6449041	Panicum miliaceum miliaceum	1868	2018	Liliopsida	Plantae	6	196
4125308	Panicum schinzii	1887	2018	Liliopsida	Plantae	6	196
2705081	Panicum virgatum	1948	2014	Liliopsida	Plantae	6	196
2705144	Panicum dichotomiflorum	1881	2018	Liliopsida	Plantae	6	196
2705162	Panicum capillare	1861	2018	Liliopsida	Plantae	6	196
2705031	Festuca glauca	1887	2006	Liliopsida	Plantae	6	196
4129708	Lolium multiflorum	1814	2018	Liliopsida	Plantae	6	196
2706218	Lolium rigidum	1861	2015	Liliopsida	Plantae	6	196
7795888	Triticum aestivum	1883	2018	Liliopsida	Plantae	6	196
7883427	Triticum monococcum	1885	2016	Liliopsida	Plantae	6	196
2706403	Triticum aestivum spelta	1913	2017	Liliopsida	Plantae	6	196
2706406	Triticum turgidum	1877	2017	Liliopsida	Plantae	6	196
2706501	Agrostis castellana	1904	2004	Liliopsida	Plantae	6	196
2706457	Agrostis nebulosa	1881	1881	Liliopsida	Plantae	6	196
2706444	Agrostis scabra	1930	2018	Liliopsida	Plantae	6	196
4139846	Phleum exaratum	1912	2015	Liliopsida	Plantae	6	196
2706002	Phleum paniculatum	1905	2018	Liliopsida	Plantae	6	196
2705966	Secale cereale	1884	2018	Liliopsida	Plantae	6	196
8332019	Hordeum distichon	1871	2018	Liliopsida	Plantae	6	196
2706052	Hordeum jubatum	1887	2018	Liliopsida	Plantae	6	196
2706056	Hordeum vulgare	1888	2018	Liliopsida	Plantae	6	196
2706190	Dactyloctenium radulans	1887	1955	Liliopsida	Plantae	6	196
2706188	Dactyloctenium aegyptium	1882	2016	Liliopsida	Plantae	6	196
2650180	Botrychium simplex	1908	1908	Polypodiopsida	Plantae	6	7228684
2650903	Onoclea sensibilis	1831	2018	Polypodiopsida	Plantae	6	7228684
5274858	Salvinia natans	1835	1889	Polypodiopsida	Plantae	6	7228684
2650107	Azolla filiculoides	1912	2018	Polypodiopsida	Plantae	6	7228684
9520065	Ferrissia californica	1937	2016	Gastropoda	Animalia	1	225
8014163	Ambigolimax valentianus	1946	1946	Gastropoda	Animalia	1	225
6454754	Hippolyte desmarestii	1895	2016	Malacostraca	Animalia	1	229
4562917	Cochlicella acuta	1828	1828	Gastropoda	Animalia	1	225
2856037	Allium ampeloprasum	1948	2017	Liliopsida	Plantae	6	196
5289590	Vulpia myuros	1877	1979	Liliopsida	Plantae	6	196
9752149	Phasianus colchicus	1701	2019	Aves	Animalia	1	212
2473421	Lagopus lagopus	1890	1890	Aves	Animalia	1	212
2702816	Echinochloa muricata	1887	2018	Liliopsida	Plantae	6	196
2351271	Salvelinus fontinalis	1884	1884	Actinopterygii	Animalia	1	204
2331498	Molgula manhattensis	1847	1847	Ascidiacea	Animalia	1	356
2296807	Cochlicella barbara	1946	1946	Gastropoda	Animalia	1	225
2266009	Cordylophora caspia	1905	1905	Hydrozoa	Animalia	1	205
2266754	Gonionemus vertens	1946	1946	Hydrozoa	Animalia	1	205
8244019	Trachyspermum ammi	1892	1985	Magnoliopsida	Plantae	6	220
5371753	Visnaga daucoides	1880	2016	Magnoliopsida	Plantae	6	220
8167990	Lycopsis arvensis orientalis	1850	1850	Magnoliopsida	Plantae	6	220
2925870	Amsinckia menziesii	1884	2018	Magnoliopsida	Plantae	6	220
7523753	Symphoricarpos albus	1866	2018	Magnoliopsida	Plantae	6	220
2888740	Centranthus ruber	1869	2018	Magnoliopsida	Plantae	6	220
5371699	Hepatica nobilis	1825	2018	Magnoliopsida	Plantae	6	220
3033828	Consolida orientalis	1893	2017	Magnoliopsida	Plantae	6	220
3033830	Consolida ajacis	1854	2018	Magnoliopsida	Plantae	6	220
5374922	Arabis caucasica	1881	2018	Magnoliopsida	Plantae	6	220
3047620	Sinapis incana	1873	2018	Magnoliopsida	Plantae	6	220
7885624	Cucumis myriocarpus	1895	1955	Magnoliopsida	Plantae	6	220
6300805	Pilosella bauhinii	1909	2018	Magnoliopsida	Plantae	6	220
9419993	Erodium moschatum	1813	2018	Magnoliopsida	Plantae	6	220
5415009	Linaria supina	1882	2018	Magnoliopsida	Plantae	6	220
