scientificName,n_prot_areas,mean_coverage,speciesKey,kingdom,phylum,order,class,genus,family,species,rank,includes
Aesculus hippocastanum L.,3,,3189815,Plantae,Tracheophyta,Sapindales,Magnoliopsida,Aesculus,Sapindaceae,Aesculus hippocastanum,SPECIES,3189815: Aesculus hippocastanum L.
Ailanthus altissima (Mill.) Swingle,3,,3190653,Plantae,Tracheophyta,Sapindales,Magnoliopsida,Ailanthus,Simaroubaceae,Ailanthus altissima,SPECIES,3190653: Ailanthus altissima (Mill.) Swingle
"Aix galericulata (Linnaeus, 1758)",3,,2498388,Animalia,Chordata,Anseriformes,Aves,Aix,Anatidae,Aix galericulata,SPECIES,"2498388: Aix galericulata (Linnaeus, 1758)"
Alcea rosea L.,3,,5406789,Plantae,Tracheophyta,Malvales,Magnoliopsida,Alcea,Malvaceae,Alcea rosea,SPECIES,5406789: Alcea rosea L. | 5406791: Alcea ficifolia L. | 8271405: Alcea rosea subsp. ficifolia (L.) Govaerts
"Alopochen aegyptiaca (Linnaeus, 1766)",3,,2498252,Animalia,Chordata,Anseriformes,Aves,Alopochen,Anatidae,Alopochen aegyptiaca,SPECIES,"2498252: Alopochen aegyptiaca (Linnaeus, 1766)"
Amaranthus blitum L.,3,,8911082,Plantae,Tracheophyta,Caryophyllales,Magnoliopsida,Amaranthus,Amaranthaceae,Amaranthus blitum,SPECIES,5384337: Amaranthus lividus L. | 5548741: Amaranthus lividus var. ascendens (Loisel.) Hayw. & Druce | 7323358: Amaranthus blitum subsp. blitum | 8911082: Amaranthus blitum L.
Amaranthus retroflexus L.,3,,6109534,Plantae,Tracheophyta,Caryophyllales,Magnoliopsida,Amaranthus,Amaranthaceae,Amaranthus retroflexus,SPECIES,6109534: Amaranthus retroflexus L.
"Anser anser (Linnaeus, 1758)",3,,2498036,Animalia,Chordata,Anseriformes,Aves,Anser,Anatidae,Anser anser,SPECIES,"2498036: Anser anser (Linnaeus, 1758) | 6178331: Anser anser rubrirostris Swinhoe, 1871 | 7061271: Anser anser anser | 9384117: Anser anser f. domesticus"
Arum italicum Mill.,3,,5330661,Plantae,Tracheophyta,Alismatales,Liliopsida,Arum,Araceae,Arum italicum,SPECIES,5330661: Arum italicum Mill. | 5330664: Arum italicum subsp. neglectum (F.Towns.) Prime | 7228304: Arum italicum subsp. italicum
Berberis aquifolium Pursh,3,,3033868,Plantae,Tracheophyta,Ranunculales,Magnoliopsida,Berberis,Berberidaceae,Berberis aquifolium,SPECIES,3033865: Mahonia aquifolium (Pursh) Nutt. | 3033868: Berberis aquifolium Pursh
Borago officinalis L.,3,,2926110,Plantae,Tracheophyta,Boraginales,Magnoliopsida,Borago,Boraginaceae,Borago officinalis,SPECIES,2926110: Borago officinalis L.
"Branta canadensis (Linnaeus, 1758)",3,,5232437,Animalia,Chordata,Anseriformes,Aves,Branta,Anatidae,Branta canadensis,SPECIES,"5232437: Branta canadensis (Linnaeus, 1758) | 5232443: Branta canadensis parvipes (Cassin, 1852) | 7191098: Branta canadensis canadensis"
"Branta leucopsis (Bechstein, 1803)",3,,5232464,Animalia,Chordata,Anseriformes,Aves,Branta,Anatidae,Branta leucopsis,SPECIES,"5232464: Branta leucopsis (Bechstein, 1803)"
Brassica napus L.,3,,3042636,Plantae,Tracheophyta,Brassicales,Magnoliopsida,Brassica,Brassicaceae,Brassica napus,SPECIES,3042636: Brassica napus L. | 7225635: Brassica napus subsp. napus | 7801836: Brassica napus subsp. napobrassica (L.) O.Schwarz
Brassica oleracea L.,3,,3042845,Plantae,Tracheophyta,Brassicales,Magnoliopsida,Brassica,Brassicaceae,Brassica oleracea,SPECIES,3042845: Brassica oleracea L. | 3042853: Brassica oleracea subsp. caulorapa (DC.) Metzg. | 6306650: Brassica oleracea subsp. oleracea | 6306651: Brassica oleracea subsp. capitata (L.) Metzg.
Brassica rapa L.,3,,7903057,Plantae,Tracheophyta,Brassicales,Magnoliopsida,Brassica,Brassicaceae,Brassica rapa,SPECIES,3042702: Brassica rapa subsp. chinensis (L.) P.Hanelt | 3042723: Brassica rapa subsp. campestris (L.) A.R.Clapham | 7225636: Brassica rapa subsp. rapa | 7903057: Brassica rapa L.
Buddleja davidii Franch.,3,,3173338,Plantae,Tracheophyta,Lamiales,Magnoliopsida,Buddleja,Scrophulariaceae,Buddleja davidii,SPECIES,3173338: Buddleja davidii Franch. | 4055561: Buddleja variabilis Hemsl.
Campanula portenschlagiana Roem. & Schult.,3,,5410411,Plantae,Tracheophyta,Asterales,Magnoliopsida,Campanula,Campanulaceae,Campanula portenschlagiana,SPECIES,5410411: Campanula portenschlagiana Roem. & Schult.
Castanea sativa Mill.,3,,5333294,Plantae,Tracheophyta,Fagales,Magnoliopsida,Castanea,Fagaceae,Castanea sativa,SPECIES,5333294: Castanea sativa Mill.
"Columba livia Gmelin, 1789",3,,2495414,Animalia,Chordata,Columbiformes,Aves,Columba,Columbidae,Columba livia,SPECIES,"2495414: Columba livia Gmelin, 1789 | 7191490: Columba livia livia | 9310871: Columba livia f. domestica"
Cotoneaster horizontalis Decne.,3,,3025617,Plantae,Tracheophyta,Rosales,Magnoliopsida,Cotoneaster,Rosaceae,Cotoneaster horizontalis,SPECIES,3025617: Cotoneaster horizontalis Decne.
Datura stramonium L.,3,,2928751,Plantae,Tracheophyta,Solanales,Magnoliopsida,Datura,Solanaceae,Datura stramonium,SPECIES,2928751: Datura stramonium L. | 2928753: Datura stramonium var. tatula (L.) Torr. | 6402349: Datura stramonium var. stramonium
"Deroceras invadens Reise, Hutchinson, Schunack & Schlitt, 2011",3,,8745918,Animalia,Mollusca,Stylommatophora,Gastropoda,Deroceras,Agriolimacidae,Deroceras invadens,SPECIES,"8745918: Deroceras invadens Reise, Hutchinson, Schunack & Schlitt, 2011"
Digitaria sanguinalis (L.) Scop.,3,,5289972,Plantae,Tracheophyta,Poales,Liliopsida,Digitaria,Poaceae,Digitaria sanguinalis,SPECIES,5289972: Digitaria sanguinalis (L.) Scop. | 5675253: Digitaria sanguinalis subsp. pectiniformis Henrard | 7931699: Digitaria sanguinalis var. sanguinalis
Echinochloa crus-galli (L.) P.Beauv.,3,,2702808,Plantae,Tracheophyta,Poales,Liliopsida,Echinochloa,Poaceae,Echinochloa crus-galli,SPECIES,2702808: Echinochloa crus-galli (L.) P.Beauv. | 7226834: Echinochloa crus-galli subsp. crus-galli
Epilobium ciliatum Raf.,3,,9188840,Plantae,Tracheophyta,Myrtales,Magnoliopsida,Epilobium,Onagraceae,Epilobium ciliatum,SPECIES,6427720: Epilobium adenocaulon Hausskn. | 9188840: Epilobium ciliatum Raf.
Erigeron canadensis L.,3,,3146791,Plantae,Tracheophyta,Asterales,Magnoliopsida,Erigeron,Asteraceae,Erigeron canadensis,SPECIES,3146791: Erigeron canadensis L. | 5404801: Conyza canadensis (L.) Cronq. | 5404801: Conyza canadensis (L.) Cronquist
Erigeron sumatrensis Retz.,3,,3146683,Plantae,Tracheophyta,Asterales,Magnoliopsida,Erigeron,Asteraceae,Erigeron sumatrensis,SPECIES,3146683: Erigeron sumatrensis Retz. | 5398027: Conyza sumatrensis (Retz.) E.H.Walker
Euphorbia lathyris L.,3,,3066965,Plantae,Tracheophyta,Malpighiales,Magnoliopsida,Euphorbia,Euphorbiaceae,Euphorbia lathyris,SPECIES,3066965: Euphorbia lathyris L.
"Felis catus Linnaeus, 1758",3,,2435035,Animalia,Chordata,Carnivora,Mammalia,Felis,Felidae,Felis catus,SPECIES,"2435035: Felis catus Linnaeus, 1758 | 9533902: Felis silvestris catus Linnaeus, 1758"
Ficus carica L.,3,,5361909,Plantae,Tracheophyta,Rosales,Magnoliopsida,Ficus,Moraceae,Ficus carica,SPECIES,5361909: Ficus carica L.
Foeniculum vulgare Mill.,3,,3034922,Plantae,Tracheophyta,Apiales,Magnoliopsida,Foeniculum,Apiaceae,Foeniculum vulgare,SPECIES,3034922: Foeniculum vulgare Mill.
Galanthus nivalis L.,3,,2855356,Plantae,Tracheophyta,Asparagales,Liliopsida,Galanthus,Amaryllidaceae,Galanthus nivalis,SPECIES,2855356: Galanthus nivalis L. | 2855358: Galanthus nivalis var. scharlockii Casp. | 2855360: Galanthus scharlokii (Casp.) Baker | 7316133: Galanthus nivalis subsp. nivalis | 7316135: Galanthus nivalis f. nivalis
Galinsoga parviflora Cav.,3,,3132570,Plantae,Tracheophyta,Asterales,Magnoliopsida,Galinsoga,Asteraceae,Galinsoga parviflora,SPECIES,3132570: Galinsoga parviflora Cav.
Galinsoga quadriradiata Ruiz & Pav.,3,,8298495,Plantae,Tracheophyta,Asterales,Magnoliopsida,Galinsoga,Asteraceae,Galinsoga quadriradiata,SPECIES,3132590: Galinsoga ciliata (Rafin.) S.F.Blake | 8298495: Galinsoga quadriradiata Ruiz & Pav.
Geranium phaeum L.,3,,2891390,Plantae,Tracheophyta,Geraniales,Magnoliopsida,Geranium,Geraniaceae,Geranium phaeum,SPECIES,2891390: Geranium phaeum L.
Geranium purpureum Vill.,3,,2890541,Plantae,Tracheophyta,Geraniales,Magnoliopsida,Geranium,Geraniaceae,Geranium purpureum,SPECIES,2890541: Geranium purpureum Vill.
Geranium pyrenaicum Burm.f.,3,,2890122,Plantae,Tracheophyta,Geraniales,Magnoliopsida,Geranium,Geraniaceae,Geranium pyrenaicum,SPECIES,2890122: Geranium pyrenaicum Burm.f.
"Harmonia axyridis (Pallas, 1773)",3,,4989904,Animalia,Arthropoda,Coleoptera,Insecta,Harmonia,Coccinellidae,Harmonia axyridis,SPECIES,"4989904: Harmonia axyridis (Pallas, 1773) | 9986462: BOLD:AAB5640 | 10120173: Harmonia axyridis f. conspicua | 10364473: Harmonia axyridis f. spectabilis"
Heracleum mantegazzianum Sommier & Levier,3,,3034825,Plantae,Tracheophyta,Apiales,Magnoliopsida,Heracleum,Apiaceae,Heracleum mantegazzianum,SPECIES,3034825: Heracleum mantegazzianum Sommier & Levier
Hyacinthoides hispanica (Mill.) Rothm.,3,,5304257,Plantae,Tracheophyta,Asparagales,Liliopsida,Hyacinthoides,Asparagaceae,Hyacinthoides hispanica,SPECIES,5304257: Hyacinthoides hispanica (Mill.) Rothm.
"Hygromia cinctella (Draparnaud, 1801)",3,,4565039,Animalia,Mollusca,Stylommatophora,Gastropoda,Hygromia,Hygromiidae,Hygromia cinctella,SPECIES,"4565039: Hygromia cinctella (Draparnaud, 1801)"
Impatiens glandulifera Royle,3,,2891770,Plantae,Tracheophyta,Ericales,Magnoliopsida,Impatiens,Balsaminaceae,Impatiens glandulifera,SPECIES,2891770: Impatiens glandulifera Royle | 2891771: Impatiens roylei Walpers
Impatiens parviflora DC.,3,,2891782,Plantae,Tracheophyta,Ericales,Magnoliopsida,Impatiens,Balsaminaceae,Impatiens parviflora,SPECIES,2891782: Impatiens parviflora DC.
Jacobaea maritima (L.) Pelser & Meijden,3,,5388595,Plantae,Tracheophyta,Asterales,Magnoliopsida,Jacobaea,Asteraceae,Jacobaea maritima,SPECIES,3097222: Senecio cineraria DC. | 5388595: Jacobaea maritima (L.) Pelser & Meijden
Juglans regia L.,3,,3054368,Plantae,Tracheophyta,Fagales,Magnoliopsida,Juglans,Juglandaceae,Juglans regia,SPECIES,3054368: Juglans regia L.
Lathyrus latifolius L.,3,,5356517,Plantae,Tracheophyta,Fabales,Magnoliopsida,Lathyrus,Fabaceae,Lathyrus latifolius,SPECIES,5356517: Lathyrus latifolius L.
Lepidium didymum L.,3,,5377060,Plantae,Tracheophyta,Brassicales,Magnoliopsida,Lepidium,Brassicaceae,Lepidium didymum,SPECIES,3052413: Senebiera pinnatifida DC. | 5377060: Lepidium didymum L. | 5377061: Coronopus didymus (L.) Sm.
Lepidium virginicum L.,3,,5376648,Plantae,Tracheophyta,Brassicales,Magnoliopsida,Lepidium,Brassicaceae,Lepidium virginicum,SPECIES,5376648: Lepidium virginicum L.
Ligustrum ovalifolium Hassk.,3,,3172291,Plantae,Tracheophyta,Lamiales,Magnoliopsida,Ligustrum,Oleaceae,Ligustrum ovalifolium,SPECIES,3172291: Ligustrum ovalifolium Hassk.
Linum usitatissimum L.,3,,2873861,Plantae,Tracheophyta,Malpighiales,Magnoliopsida,Linum,Linaceae,Linum usitatissimum,SPECIES,2873861: Linum usitatissimum L.
Lonicera pileata Oliv.,3,,5598915,Plantae,Tracheophyta,Dipsacales,Magnoliopsida,Lonicera,Caprifoliaceae,Lonicera pileata,SPECIES,5598915: Lonicera pileata Oliv. | 5599249: Lonicera nitida E.H.Wilson | 7691172: Lonicera ligustrina var. yunnanensis Franch.
Lunaria annua L.,3,,5373324,Plantae,Tracheophyta,Brassicales,Magnoliopsida,Lunaria,Brassicaceae,Lunaria annua,SPECIES,5373324: Lunaria annua L.
Lysimachia punctata L.,3,,3169340,Plantae,Tracheophyta,Ericales,Magnoliopsida,Lysimachia,Primulaceae,Lysimachia punctata,SPECIES,3169340: Lysimachia punctata L.
Matricaria discoidea DC.,3,,3103791,Plantae,Tracheophyta,Asterales,Magnoliopsida,Matricaria,Asteraceae,Matricaria discoidea,SPECIES,3103791: Matricaria discoidea DC. | 3103805: Matricaria matricarioides (Less.) Porter
Medicago sativa L.,3,,9151957,Plantae,Tracheophyta,Fabales,Magnoliopsida,Medicago,Fabaceae,Medicago sativa,SPECIES,2965331: Medicago varia Martyn | 9151957: Medicago sativa L. | 10436025: Medicago falcata × sativa
Melilotus albus Medik.,3,,2971095,Plantae,Tracheophyta,Fabales,Magnoliopsida,Melilotus,Fabaceae,Melilotus albus,SPECIES,2971053: Melilotus alba Ledeb. | 2971095: Melilotus albus Medik. | 9616723: Trigonella alba (Medik.) Coulot & Rabaute
Nigella damascena L.,3,,5371702,Plantae,Tracheophyta,Ranunculales,Magnoliopsida,Nigella,Ranunculaceae,Nigella damascena,SPECIES,5371702: Nigella damascena L.
Oenothera deflexa R.R.Gates,3,,7322773,Plantae,Tracheophyta,Myrtales,Magnoliopsida,Oenothera,Onagraceae,Oenothera deflexa,SPECIES,7322773: Oenothera deflexa R.R.Gates
Oenothera glazioviana Micheli,3,,3188894,Plantae,Tracheophyta,Myrtales,Magnoliopsida,Oenothera,Onagraceae,Oenothera glazioviana,SPECIES,3188894: Oenothera glazioviana Micheli | 3188895: Oenothera erythrosepala (Borbas) Borbás | 7440977: Oenothera glazioviana var. azorica Rostaski | 7749574: Oenothera glazioviana var. glazioviana
"Oryctolagus cuniculus (Linnaeus, 1758)",3,,2436940,Animalia,Chordata,Lagomorpha,Mammalia,Oryctolagus,Leporidae,Oryctolagus cuniculus,SPECIES,"2436940: Oryctolagus cuniculus (Linnaeus, 1758)"
Oxalis corniculata L.,3,,8427624,Plantae,Tracheophyta,Oxalidales,Magnoliopsida,Oxalis,Oxalidaceae,Oxalis corniculata,SPECIES,"2891739: Oxalis corniculata var. atropurpurea Planch. | 3628016: Oxalis corniculata var. corniculata | 7509145: Oxalis corniculata var. atropurpurea (Van Houtte) P.Fourn. | 7509145: Oxalis corniculata var. atropurpurea (Van Houtte) P.Fourn., 1937 | 8427624: Oxalis corniculata L. | 9823072: Oxalis stricta L."
Panicum miliaceum L.,3,,2705090,Plantae,Tracheophyta,Poales,Liliopsida,Panicum,Poaceae,Panicum miliaceum,SPECIES,2705090: Panicum miliaceum L. | 4134741: Panicum miliaceum subsp. ruderale (Kitag.) Tzvelev | 4134826: Panicum miliaceum subsp. agricola H.Scholz & Mikolá | 6449041: Panicum miliaceum subsp. miliaceum
Parthenocissus vitacea (Knerr) Hitchc.,3,,3039193,Plantae,Tracheophyta,Vitales,Magnoliopsida,Parthenocissus,Vitaceae,Parthenocissus vitacea,SPECIES,3039203: Parthenocissus inserta (A.Kerner) Fritsch
Phalaris arundinacea L.,3,,5289756,Plantae,Tracheophyta,Poales,Liliopsida,Phalaris,Poaceae,Phalaris arundinacea,SPECIES,5289756: Phalaris arundinacea L. | 5289757: Phalaris arundinacea var. picta L.
Phalaris canariensis L.,3,,5289744,Plantae,Tracheophyta,Poales,Liliopsida,Phalaris,Poaceae,Phalaris canariensis,SPECIES,5289744: Phalaris canariensis L.
"Phasianus colchicus Linnaeus, 1758",3,,9752149,Animalia,Chordata,Galliformes,Aves,Phasianus,Phasianidae,Phasianus colchicus,SPECIES,"5227796: Phasianus colchicus torquatus Gmelin, 1789 | 9208710: Phasianus colchicus colchicus | 9752149: Phasianus colchicus Linnaeus, 1758"
Pilosella aurantiaca (L.) F.W.Schultz & Sch.Bip.,3,,3122924,Plantae,Tracheophyta,Asterales,Magnoliopsida,Pilosella,Asteraceae,Pilosella aurantiaca,SPECIES,3122924: Pilosella aurantiaca (L.) F.W.Schultz & Sch.Bip. | 3136120: Hieracium aurantiacum L.
Pinus sylvestris L.,3,,5285637,Plantae,Tracheophyta,Pinales,Pinopsida,Pinus,Pinaceae,Pinus sylvestris,SPECIES,5285637: Pinus sylvestris L.
Populus alba L.,3,,3040233,Plantae,Tracheophyta,Malpighiales,Magnoliopsida,Populus,Salicaceae,Populus alba,SPECIES,3040233: Populus alba L.
Portulaca oleracea L.,3,,3084719,Plantae,Tracheophyta,Caryophyllales,Magnoliopsida,Portulaca,Portulacaceae,Portulaca oleracea,SPECIES,3084719: Portulaca oleracea L. | 6388110: Portulaca oleracea subsp. oleracea
"Potamopyrgus antipodarum (Gray, 1843)",3,,5192470,Animalia,Mollusca,Littorinimorpha,Gastropoda,Potamopyrgus,Tateidae,Potamopyrgus antipodarum,SPECIES,"5192470: Potamopyrgus antipodarum (Gray, 1843) | 5725386: Potamopyrgus jenkinsi (E.A.Smith, 1889)"
Potentilla indica (Andrews) T.Wolf,3,,8591421,Plantae,Tracheophyta,Rosales,Magnoliopsida,Potentilla,Rosaceae,Potentilla indica,SPECIES,3031919: Duchesnea indica (Andr.) Focke | 3031919: Duchesnea indica (Andrews) Focke | 7221004: Potentilla indica var. indica | 8591421: Potentilla indica (Andrews) T.Wolf
Prunus cerasifera Ehrh.,3,,3021730,Plantae,Tracheophyta,Rosales,Magnoliopsida,Prunus,Rosaceae,Prunus cerasifera,SPECIES,3021730: Prunus cerasifera Ehrh. | 7272186: Prunus cerasifera var. cerasifera | 7475202: Prunus cerasifera f. atropurpurea Diffel | 8211558: Prunus cerasifera var. pissardii (Carriere) L.H.Bailey
Prunus laurocerasus L.,3,,3021496,Plantae,Tracheophyta,Rosales,Magnoliopsida,Prunus,Rosaceae,Prunus laurocerasus,SPECIES,3021496: Prunus laurocerasus L.
Prunus serotina Ehrh.,3,,3021850,Plantae,Tracheophyta,Rosales,Magnoliopsida,Prunus,Rosaceae,Prunus serotina,SPECIES,3021850: Prunus serotina Ehrh. | 3022668: Prunus virginiana L.
Pseudofumaria lutea (L.) Borkh.,3,,2888513,Plantae,Tracheophyta,Ranunculales,Magnoliopsida,Pseudofumaria,Papaveraceae,Pseudofumaria lutea,SPECIES,2888513: Pseudofumaria lutea (L.) Borkh. | 5334195: Corydalis lutea (L.) DC.
"Psittacula eupatria (Linnaeus, 1766)",3,,5229055,Animalia,Chordata,Psittaciformes,Aves,Psittacula,Psittacidae,Psittacula eupatria,SPECIES,"5229055: Psittacula eupatria (Linnaeus, 1766)"
"Psittacula krameri (Scopoli, 1769)",3,,2479226,Animalia,Chordata,Psittaciformes,Aves,Psittacula,Psittacidae,Psittacula krameri,SPECIES,"2479226: Psittacula krameri (Scopoli, 1769)"
Quercus rubra L.,3,,2880539,Plantae,Tracheophyta,Fagales,Magnoliopsida,Quercus,Fagaceae,Quercus rubra,SPECIES,2880539: Quercus rubra L.
"Rattus norvegicus (Berkenhout, 1769)",3,,2439261,Animalia,Chordata,Rodentia,Mammalia,Rattus,Muridae,Rattus norvegicus,SPECIES,"2439261: Rattus norvegicus (Berkenhout, 1769)"
Reynoutria japonica Houtt.,3,,2889173,Plantae,Tracheophyta,Caryophyllales,Magnoliopsida,Reynoutria,Polygonaceae,Reynoutria japonica,SPECIES,2889173: Reynoutria japonica Houtt. | 5334352: Polygonum cuspidatum Sieb. & Zucc. | 5334357: Fallopia japonica (Houtt.) Ronse Decraene | 7128523: Fallopia japonica var. japonica | 8361333: Fallopia compacta (Hook.fil.) G.H.Loos & P.Keil
Robinia pseudoacacia L.,3,,5352251,Plantae,Tracheophyta,Fabales,Magnoliopsida,Robinia,Fabaceae,Robinia pseudoacacia,SPECIES,5352251: Robinia pseudoacacia L.
Rosa rugosa Thunb.,3,,3003979,Plantae,Tracheophyta,Rosales,Magnoliopsida,Rosa,Rosaceae,Rosa rugosa,SPECIES,3003979: Rosa rugosa Thunb.
Rubus armeniacus Focke,3,,2996525,Plantae,Tracheophyta,Rosales,Magnoliopsida,Rubus,Rosaceae,Rubus armeniacus,SPECIES,2996525: Rubus armeniacus Focke
Rubus laciniatus Willd.,3,,2992543,Plantae,Tracheophyta,Rosales,Magnoliopsida,Rubus,Rosaceae,Rubus laciniatus,SPECIES,2992543: Rubus laciniatus (Weston) Willd. | 2992543: Rubus laciniatus Willd.
Senecio inaequidens DC.,3,,3109086,Plantae,Tracheophyta,Asterales,Magnoliopsida,Senecio,Asteraceae,Senecio inaequidens,SPECIES,3109086: Senecio inaequidens DC.
Setaria viridis (L.) P.Beauv.,3,,5289684,Plantae,Tracheophyta,Poales,Liliopsida,Setaria,Poaceae,Setaria viridis,SPECIES,5289684: Setaria viridis (L.) P.Beauv. | 5708237: Setaria viridis var. viridis | 8348897: Setaria viridis var. major (Gaudin) Posp.
Sinapis incana L.,3,,3047620,Plantae,Tracheophyta,Brassicales,Magnoliopsida,Sinapis,Brassicaceae,Sinapis incana,SPECIES,3050595: Hirschfeldia incana (L.) Lagr.-Foss.
Solanum lycopersicum L.,3,,2930137,Plantae,Tracheophyta,Solanales,Magnoliopsida,Solanum,Solanaceae,Solanum lycopersicum,SPECIES,2930137: Solanum lycopersicum L. | 2930181: Lycopersicon esculentum Miller | 7138550: Lycopersicon esculentum var. esculentum
Solidago gigantea Aiton,3,,5389017,Plantae,Tracheophyta,Asterales,Magnoliopsida,Solidago,Asteraceae,Solidago gigantea,SPECIES,5389017: Solidago gigantea Aiton
Symphoricarpos albus (L.) C.Koch,3,,7523753,Plantae,Tracheophyta,Dipsacales,Magnoliopsida,Symphoricarpos,Caprifoliaceae,Symphoricarpos albus,SPECIES,2888634: Symphoricarpos albus (L.) S.F.Blake | 6369607: Symphoricarpos albus var. laevigatus S.F.Blake | 7523753: Symphoricarpos albus (L.) C.Koch
Symphyotrichum lanceolatum (Willd.) G.L.Nesom,3,,9202318,Plantae,Tracheophyta,Asterales,Magnoliopsida,Symphyotrichum,Asteraceae,Symphyotrichum lanceolatum,SPECIES,"5406285: Aster lanceolatus Willd. | 8066155: Aster paniculatus Lam., 1783 | 9202318: Symphyotrichum lanceolatum (Willd.) G.L.Nesom"
Syringa vulgaris L.,3,,5415039,Plantae,Tracheophyta,Lamiales,Magnoliopsida,Syringa,Oleaceae,Syringa vulgaris,SPECIES,3172300: Ligustrum vulgare L. | 5415039: Syringa vulgaris L.
Tanacetum parthenium Sch.Bip.,3,,3118430,Plantae,Tracheophyta,Asterales,Magnoliopsida,Tanacetum,Asteraceae,Tanacetum parthenium,SPECIES,3118430: Tanacetum parthenium (L.) Sch.Bip. | 3118430: Tanacetum parthenium Sch.Bip. | 8426543: Chrysanthemum parthenium (L.) Bernh.
Telekia speciosa Baumg.,3,,5389173,Plantae,Tracheophyta,Asterales,Magnoliopsida,Telekia,Asteraceae,Telekia speciosa,SPECIES,5389173: Telekia speciosa Baumg.
Veronica filiformis Sm.,3,,3172100,Plantae,Tracheophyta,Lamiales,Magnoliopsida,Veronica,Plantaginaceae,Veronica filiformis,SPECIES,3172100: Veronica filiformis Sm.
Veronica peregrina L.,3,,3172104,Plantae,Tracheophyta,Lamiales,Magnoliopsida,Veronica,Plantaginaceae,Veronica peregrina,SPECIES,3172104: Veronica peregrina L.
Veronica persica hort. ex Poir.,3,,3172077,Plantae,Tracheophyta,Lamiales,Magnoliopsida,Veronica,Plantaginaceae,Veronica persica,SPECIES,3172077: Veronica persica Poir. | 3172077: Veronica persica hort. ex Poir. | 6438419: Veronica tournefortii C.C.Gmelin
Viburnum rhytidophyllum Hemsl. ex Forb. & Hemsl.,3,,2888625,Plantae,Tracheophyta,Dipsacales,Magnoliopsida,Viburnum,Adoxaceae,Viburnum rhytidophyllum,SPECIES,2888625: Viburnum rhytidophyllum Hemsl. ex Forb. & Hemsl.
Vulpia myuros (L.) C.C.Gmel.,3,,5289590,Plantae,Tracheophyta,Poales,Liliopsida,Vulpia,Poaceae,Vulpia myuros,SPECIES,5289590: Vulpia myuros (L.) C.C.Gmel.
Alchemilla mollis (Buser) Rothm.,2,,3028528,Plantae,Tracheophyta,Rosales,Magnoliopsida,Alchemilla,Rosaceae,Alchemilla mollis,SPECIES,3028528: Alchemilla mollis (Buser) Rothm.
Alnus incana (L.) Moench,2,,9148577,Plantae,Tracheophyta,Fagales,Magnoliopsida,Alnus,Betulaceae,Alnus incana,SPECIES,9148577: Alnus incana (L.) Moench
"Ambigolimax valentianus (A.Férussac, 1821)",2,,8014163,Animalia,Mollusca,Stylommatophora,Gastropoda,Ambigolimax,Limacidae,Ambigolimax valentianus,SPECIES,"5190784: Lehmannia valentiana (A.Férussac, 1822)"
Ambrosia artemisiifolia L.,2,,8002952,Plantae,Tracheophyta,Asterales,Magnoliopsida,Ambrosia,Asteraceae,Ambrosia artemisiifolia,SPECIES,3110599: Ambrosia elatior L. | 8002952: Ambrosia artemisiifolia L.
"Aproceros leucopoda Takeuchi, 1939",2,,8599762,Animalia,Arthropoda,Hymenoptera,Insecta,Aproceros,Argidae,Aproceros leucopoda,SPECIES,"8599762: Aproceros leucopoda Takeuchi, 1939"
"Arion vulgaris Moquin-Tandon, 1855",2,,7540164,Animalia,Mollusca,Stylommatophora,Gastropoda,Arion,Arionidae,Arion vulgaris,SPECIES,"7540164: Arion vulgaris Moquin-Tandon, 1855"
Aucuba japonica Thunb.,2,,3033077,Plantae,Tracheophyta,Garryales,Magnoliopsida,Aucuba,Garryaceae,Aucuba japonica,SPECIES,3033077: Aucuba japonica Thunb.
Azolla filiculoides Lam.,2,,2650107,Plantae,Tracheophyta,Salviniales,Polypodiopsida,Azolla,Salviniaceae,Azolla filiculoides,SPECIES,2650107: Azolla filiculoides Lam.
Barbarea verna (Mill.) Asch.,2,,5374672,Plantae,Tracheophyta,Brassicales,Magnoliopsida,Barbarea,Brassicaceae,Barbarea verna,SPECIES,5374672: Barbarea verna (Mill.) Asch.
"Boettgerilla pallens Simroth, 1912",2,,4567717,Animalia,Mollusca,Stylommatophora,Gastropoda,Boettgerilla,Boettgerillidae,Boettgerilla pallens,SPECIES,"4567717: Boettgerilla pallens Simroth, 1912"
"Branta hutchinsii (Richardson, 1832)",2,,5232452,Animalia,Chordata,Anseriformes,Aves,Branta,Anatidae,Branta hutchinsii,SPECIES,"5232452: Branta hutchinsii (Richardson, 1832) | 5232453: Branta hutchinsii minima Ridgway, 1885 | 5232460: Branta hutchinsii taverneri Delacour, 1951 | 5232463: Branta canadensis hutchinsi (Richardson, 1832) | 7191099: Branta hutchinsii hutchinsii"
Cannabis sativa L.,2,,5361880,Plantae,Tracheophyta,Rosales,Magnoliopsida,Cannabis,Cannabaceae,Cannabis sativa,SPECIES,5361880: Cannabis sativa L.
Centranthus ruber DC.,2,,2888740,Plantae,Tracheophyta,Dipsacales,Magnoliopsida,Centranthus,Caprifoliaceae,Centranthus ruber,SPECIES,2888740: Centranthus ruber (L.) DC. | 2888740: Centranthus ruber DC.
Cerastium tomentosum L.,2,,3085438,Plantae,Tracheophyta,Caryophyllales,Magnoliopsida,Cerastium,Caryophyllaceae,Cerastium tomentosum,SPECIES,3085438: Cerastium tomentosum L.
"Chloephaga picta (Gmelin, 1789)",2,,5232428,Animalia,Chordata,Anseriformes,Aves,Chloephaga,Anatidae,Chloephaga picta,SPECIES,"5232428: Chloephaga picta (Gmelin, 1789)"
Colutea arborescens L.,2,,7844167,Plantae,Tracheophyta,Fabales,Magnoliopsida,Colutea,Fabaceae,Colutea arborescens,SPECIES,7844167: Colutea arborescens L.
Cornus sericea L.,2,,3082244,Plantae,Tracheophyta,Cornales,Magnoliopsida,Cornus,Cornaceae,Cornus sericea,SPECIES,3082244: Cornus sericea L.
Cotoneaster hjelmqvistii K.E.Flinck & B.Hylmö,2,,3026092,Plantae,Tracheophyta,Rosales,Magnoliopsida,Cotoneaster,Rosaceae,Cotoneaster hjelmqvistii,SPECIES,3026092: Cotoneaster hjelmqvistii K.E.Flinck & B.Hylmö
"Cyprinus carpio Linnaeus, 1758",2,,4286975,Animalia,Chordata,Cypriniformes,Actinopterygii,Cyprinus,Cyprinidae,Cyprinus carpio,SPECIES,"4286975: Cyprinus carpio Linnaeus, 1758 | 7059109: Cyprinus carpio carpio | 8732936: Cyprinus carpio var. carpio"
Deutzia scabra Thunb.,2,,2985965,Plantae,Tracheophyta,Cornales,Magnoliopsida,Deutzia,Hydrangeaceae,Deutzia scabra,SPECIES,2985965: Deutzia scabra Thunb.
Elodea nuttallii St.John,2,,5329212,Plantae,Tracheophyta,Alismatales,Liliopsida,Elodea,Hydrocharitaceae,Elodea nuttallii,SPECIES,5329212: Elodea nuttallii St.John
Eragrostis minor Host,2,,2705449,Plantae,Tracheophyta,Poales,Liliopsida,Eragrostis,Poaceae,Eragrostis minor,SPECIES,2705449: Eragrostis minor Host
Eragrostis multicaulis Steud.,2,,2705401,Plantae,Tracheophyta,Poales,Liliopsida,Eragrostis,Poaceae,Eragrostis multicaulis,SPECIES,2705401: Eragrostis multicaulis Steud. | 5940708: Eragrostis pilosa subsp. damiensiana (Bonnier) Thell.
Eragrostis pilosa P.Beauv.,2,,2705400,Plantae,Tracheophyta,Poales,Liliopsida,Eragrostis,Poaceae,Eragrostis pilosa,SPECIES,2705400: Eragrostis pilosa P.Beauv. | 7226830: Eragrostis pilosa subsp. pilosa
Fagopyrum esculentum Moench,2,,2889373,Plantae,Tracheophyta,Caryophyllales,Magnoliopsida,Fagopyrum,Polygonaceae,Fagopyrum esculentum,SPECIES,2889373: Fagopyrum esculentum Moench | 5334482: Polygonum fagopyrum L.
Fallopia baldschuanica (Regel) Holub,2,,5334351,Plantae,Tracheophyta,Caryophyllales,Magnoliopsida,Fallopia,Polygonaceae,Fallopia baldschuanica,SPECIES,5334351: Fallopia baldschuanica (Regel) Holub | 5334436: Fallopia aubertii (Louis Henry) J.Holub
Hordeum vulgare L.,2,,2706056,Plantae,Tracheophyta,Poales,Liliopsida,Hordeum,Poaceae,Hordeum vulgare,SPECIES,2706056: Hordeum vulgare L. | 2706063: Hordeum hexastichon L. | 4932619: Hordeum vulgare subsp. vulgare | 6313801: Hordeum vulgare subsp. hexastichon (L.) Celak. | 7940113: Hordeum distichon subsp. distichon
Hyacinthoides massartiana Geerinck,2,,5304294,Plantae,Tracheophyta,Asparagales,Liliopsida,Hyacinthoides,Asparagaceae,Hyacinthoides massartiana,SPECIES,5304294: Hyacinthoides massartiana Geerinck
Iberis sempervirens L.,2,,5551241,Plantae,Tracheophyta,Brassicales,Magnoliopsida,Iberis,Brassicaceae,Iberis sempervirens,SPECIES,5551241: Iberis sempervirens L.
Linaria maroccana Hook.f.,2,,5415016,Plantae,Tracheophyta,Lamiales,Magnoliopsida,Linaria,Plantaginaceae,Linaria maroccana,SPECIES,5415016: Linaria maroccana Hook.f.
Lobularia maritima (L.) Desv.,2,,5373358,Plantae,Tracheophyta,Brassicales,Magnoliopsida,Lobularia,Brassicaceae,Lobularia maritima,SPECIES,5373358: Lobularia maritima (L.) Desv.
Lolium multiflorum Lam.,2,,4129708,Plantae,Tracheophyta,Poales,Liliopsida,Lolium,Poaceae,Lolium multiflorum,SPECIES,4129708: Lolium multiflorum Lam.
Malcolmia maritima (L.) R.Br.,2,,7372514,Plantae,Tracheophyta,Brassicales,Magnoliopsida,Malcolmia,Brassicaceae,Malcolmia maritima,SPECIES,7372514: Malcolmia maritima (L.) R.Br.
"Meconema meridionale A.Costa, 1860",2,,1690429,Animalia,Arthropoda,Orthoptera,Insecta,Meconema,Tettigoniidae,Meconema meridionale,SPECIES,"1690429: Meconema meridionale A.Costa, 1860"
Melissa officinalis L.,2,,5341501,Plantae,Tracheophyta,Lamiales,Magnoliopsida,Melissa,Lamiaceae,Melissa officinalis,SPECIES,5341501: Melissa officinalis L.
Mespilus germanica L.,2,,3031774,Plantae,Tracheophyta,Rosales,Magnoliopsida,Mespilus,Rosaceae,Mespilus germanica,SPECIES,3031774: Mespilus germanica L.
"Myiopsitta monachus (Boddaert, 1783)",2,,2479407,Animalia,Chordata,Psittaciformes,Aves,Myiopsitta,Psittacidae,Myiopsitta monachus,SPECIES,"2479407: Myiopsitta monachus (Boddaert, 1783)"
Myriophyllum aquaticum (Vell.) Verdc.,2,,5361785,Plantae,Tracheophyta,Saxifragales,Magnoliopsida,Myriophyllum,Haloragaceae,Myriophyllum aquaticum,SPECIES,5361785: Myriophyllum aquaticum (Vell.) Verdc.
Myrrhis odorata Scop.,2,,3034681,Plantae,Tracheophyta,Apiales,Magnoliopsida,Myrrhis,Apiaceae,Myrrhis odorata,SPECIES,3034681: Myrrhis odorata Scop.
"Nymphicus hollandicus (Kerr, 1792)",2,,2479977,Animalia,Chordata,Psittaciformes,Aves,Nymphicus,Psittacidae,Nymphicus hollandicus,SPECIES,"2479977: Nymphicus hollandicus (Kerr, 1792)"
Oenothera biennis L.,2,,3188924,Plantae,Tracheophyta,Myrtales,Magnoliopsida,Oenothera,Onagraceae,Oenothera biennis,SPECIES,3188924: Oenothera biennis L.
"Pelophylax ridibundus (Pallas, 1771)",2,,2426661,Animalia,Chordata,Anura,Amphibia,Pelophylax,Ranidae,Pelophylax ridibundus,SPECIES,"2426661: Pelophylax ridibundus (Pallas, 1771) | 2426662: Rana ridibunda Pallas, 1771 | 9321745: Pelophylax ridibundus kurtmuelleri (Gayda, 1940)"
Pentaglottis sempervirens (L.) L.H.Bailey,2,,2926130,Plantae,Tracheophyta,Boraginales,Magnoliopsida,Pentaglottis,Boraginaceae,Pentaglottis sempervirens,SPECIES,2926130: Pentaglottis sempervirens | 2926130: Pentaglottis sempervirens (L.) L.H.Bailey
"Physella acuta (Draparnaud, 1805)",2,,5189806,Animalia,Mollusca,,Gastropoda,Physella,Physidae,Physella acuta,SPECIES,"2291118: Physa acuta Draparnaud, 1805 | 5189806: Physella acuta (Draparnaud, 1805) | 7790194: Haitia acuta (Draparnaud, 1805)"
Picea abies (L.) H.Karst.,2,,5284884,Plantae,Tracheophyta,Pinales,Pinopsida,Picea,Pinaceae,Picea abies,SPECIES,5284884: Picea abies (L.) H.Karst.
"Platycercus eximius (Shaw, 1792)",2,,2479329,Animalia,Chordata,Psittaciformes,Aves,Platycercus,Psittacidae,Platycercus eximius,SPECIES,"2479329: Platycercus eximius (Shaw, 1792)"
Polycarpon tetraphyllum L.,2,,3085381,Plantae,Tracheophyta,Caryophyllales,Magnoliopsida,Polycarpon,Caryophyllaceae,Polycarpon tetraphyllum,SPECIES,3085381: Polycarpon tetraphyllum L.
Pontederia cordata L.,2,,2766030,Plantae,Tracheophyta,Commelinales,Liliopsida,Pontederia,Pontederiaceae,Pontederia cordata,SPECIES,2766030: Pontederia cordata L.
Populus canescens Sm.,2,,3040185,Plantae,Tracheophyta,Malpighiales,Magnoliopsida,Populus,Salicaceae,Populus canescens,SPECIES,3040185: Populus canescens Sm.
Pseudosasa japonica Makino,2,,2706209,Plantae,Tracheophyta,Poales,Liliopsida,Pseudosasa,Poaceae,Pseudosasa japonica,SPECIES,2706209: Pseudosasa japonica Makino
Pulmonaria officinalis L.,2,,5341204,Plantae,Tracheophyta,Boraginales,Magnoliopsida,Pulmonaria,Boraginaceae,Pulmonaria officinalis,SPECIES,5341204: Pulmonaria officinalis L.
"Pycnonotus jocosus (Linnaeus, 1758)",2,,2486151,Animalia,Chordata,Passeriformes,Aves,Pycnonotus,Pycnonotidae,Pycnonotus jocosus,SPECIES,"2486151: Pycnonotus jocosus (Linnaeus, 1758)"
Reynoutria bohemica Chrtek & Chrtková,2,,4038485,Plantae,Tracheophyta,Caryophyllales,Magnoliopsida,Reynoutria,Polygonaceae,Reynoutria bohemica,SPECIES,4038485: Reynoutria bohemica Chrtek & Chrtková | 5652296: Fallopia bohemica (Chrtek & Chrtková) J.P.Bailey
Reynoutria sachalinensis Nakai,2,,2889088,Plantae,Tracheophyta,Caryophyllales,Magnoliopsida,Reynoutria,Polygonaceae,Reynoutria sachalinensis,SPECIES,2889088: Reynoutria sachalinensis Nakai | 5334293: Fallopia sachalinensis (Friedrich Schmidt Petrop.) Ronse Decraene
Rhododendron ponticum L.,2,,7327990,Plantae,Tracheophyta,Ericales,Magnoliopsida,Rhododendron,Ericaceae,Rhododendron ponticum,SPECIES,7327990: Rhododendron ponticum L.
Rhus typhina L.,2,,3190538,Plantae,Tracheophyta,Sapindales,Magnoliopsida,Rhus,Anacardiaceae,Rhus typhina,SPECIES,3190535: Rhus hirta (L.) Sudw. | 3190538: Rhus typhina L.
Ribes alpinum L.,2,,2986184,Plantae,Tracheophyta,Saxifragales,Magnoliopsida,Ribes,Grossulariaceae,Ribes alpinum,SPECIES,2986184: Ribes alpinum L.
Ribes sanguineum Pursh,2,,2986130,Plantae,Tracheophyta,Saxifragales,Magnoliopsida,Ribes,Grossulariaceae,Ribes sanguineum,SPECIES,2986130: Ribes sanguineum Pursh
Saponaria officinalis L.,2,,3085360,Plantae,Tracheophyta,Caryophyllales,Magnoliopsida,Saponaria,Caryophyllaceae,Saponaria officinalis,SPECIES,3085360: Saponaria officinalis L.
Scilla siberica Andrews,2,,8080743,Plantae,Tracheophyta,Asparagales,Liliopsida,Scilla,Asparagaceae,Scilla siberica,SPECIES,2767328: Scilla siberica Haw.
Silene coronaria (L.) Clairv.,2,,5384741,Plantae,Tracheophyta,Caryophyllales,Magnoliopsida,Silene,Caryophyllaceae,Silene coronaria,SPECIES,3085878: Lychnis coronaria (L.) Desr. | 5384741: Silene coronaria (L.) Clairv. | 7529453: Silene coronaria (L.) Clairv. ex Rchb.
Solidago canadensis L.,2,,5389029,Plantae,Tracheophyta,Asterales,Magnoliopsida,Solidago,Asteraceae,Solidago canadensis,SPECIES,5389029: Solidago canadensis L.
Symphyotrichum novi-belgii (L.) G.L.Nesom,2,,3151558,Plantae,Tracheophyta,Asterales,Magnoliopsida,Symphyotrichum,Asteraceae,Symphyotrichum novi-belgii,SPECIES,3151558: Symphyotrichum novi-belgii (L.) G.L.Nesom | 5406382: Aster novi-belgii L.
"Tadorna ferruginea (Pallas, 1764)",2,,2498015,Animalia,Chordata,Anseriformes,Aves,Tadorna,Anatidae,Tadorna ferruginea,SPECIES,"2498015: Tadorna ferruginea (Pallas, 1764)"
Trifolium incarnatum L.,2,,5359378,Plantae,Tracheophyta,Fabales,Magnoliopsida,Trifolium,Fabaceae,Trifolium incarnatum,SPECIES,5359378: Trifolium incarnatum L. | 5359380: Trifolium incarnatum subsp. molinerii (Hornem.) Syme | 7067596: Trifolium incarnatum subsp. incarnatum
Triticum aestivum L.,2,,7795888,Plantae,Tracheophyta,Poales,Liliopsida,Triticum,Poaceae,Triticum aestivum,SPECIES,2706402: Triticum spelta L. | 7795888: Triticum aestivum L.
Verbena bonariensis L.,2,,2925514,Plantae,Tracheophyta,Lamiales,Magnoliopsida,Verbena,Verbenaceae,Verbena bonariensis,SPECIES,2925514: Verbena bonariensis L.
"Vespa velutina Lepeletier, 1836",2,,1311477,Animalia,Arthropoda,Hymenoptera,Insecta,Vespa,Vespidae,Vespa velutina,SPECIES,"1311477: Vespa velutina Lepeletier, 1836 | 6247411: Vespa velutina nigrithorax Buysson, 1905"
Vinca major L.,2,,3169708,Plantae,Tracheophyta,Gentianales,Magnoliopsida,Vinca,Apocynaceae,Vinca major,SPECIES,3169708: Vinca major L.
Abutilon theophrasti Medik.,1,,3152614,Plantae,Tracheophyta,Malvales,Magnoliopsida,Abutilon,Malvaceae,Abutilon theophrasti,SPECIES,3152614: Abutilon theophrasti Medik.
Acanthus mollis L.,1,,5415455,Plantae,Tracheophyta,Lamiales,Magnoliopsida,Acanthus,Acanthaceae,Acanthus mollis,SPECIES,5415455: Acanthus mollis L.
Acer negundo L.,1,,3189866,Plantae,Tracheophyta,Sapindales,Magnoliopsida,Acer,Sapindaceae,Acer negundo,SPECIES,3189866: Acer negundo L.
Acer rufinerve Siebold & Zucc.,1,,7263145,Plantae,Tracheophyta,Sapindales,Magnoliopsida,Acer,Sapindaceae,Acer rufinerve,SPECIES,7263145: Acer rufinerve Siebold & Zucc.
Acer saccharinum L.,1,,3189837,Plantae,Tracheophyta,Sapindales,Magnoliopsida,Acer,Sapindaceae,Acer saccharinum,SPECIES,3189837: Acer saccharinum L.
Achillea filipendulina Lam.,1,,3120284,Plantae,Tracheophyta,Asterales,Magnoliopsida,Achillea,Asteraceae,Achillea filipendulina,SPECIES,3120284: Achillea filipendulina Lam.
Acorus calamus L.,1,,2873769,Plantae,Tracheophyta,Acorales,Liliopsida,Acorus,Acoraceae,Acorus calamus,SPECIES,2873769: Acorus calamus L.
Aesculus parviflora Walter,1,,3189828,Plantae,Tracheophyta,Sapindales,Magnoliopsida,Aesculus,Sapindaceae,Aesculus parviflora,SPECIES,3189828: Aesculus parviflora Walter
"Aix sponsa (Linnaeus, 1758)",1,,2498387,Animalia,Chordata,Anseriformes,Aves,Aix,Anatidae,Aix sponsa,SPECIES,"2498387: Aix sponsa (Linnaeus, 1758)"
Allium cepa L.,1,,2857697,Plantae,Tracheophyta,Asparagales,Liliopsida,Allium,Amaryllidaceae,Allium cepa,SPECIES,2857697: Allium cepa L.
Allium schoenoprasum L.,1,,2855860,Plantae,Tracheophyta,Asparagales,Liliopsida,Allium,Amaryllidaceae,Allium schoenoprasum,SPECIES,2855860: Allium schoenoprasum L.
Amaranthus bouchonii Thell.,1,,5384361,Plantae,Tracheophyta,Caryophyllales,Magnoliopsida,Amaranthus,Amaranthaceae,Amaranthus bouchonii,SPECIES,5384361: Amaranthus bouchonii Thell. | 7482462: Amaranthus hybridus subsp. bouchonii (Thell.) Bolas & Vigo
Amelanchier lamarckii F.G.Schroed.,1,,3024109,Plantae,Tracheophyta,Rosales,Magnoliopsida,Amelanchier,Rosaceae,Amelanchier lamarckii,SPECIES,3024109: Amelanchier lamarckii F.G.Schroed.
Ammi majus L.,1,,3034182,Plantae,Tracheophyta,Apiales,Magnoliopsida,Ammi,Apiaceae,Ammi majus,SPECIES,3034182: Ammi majus L.
"Anas flavirostris Vieillot, 1816",1,,2498065,Animalia,Chordata,Anseriformes,Aves,Anas,Anatidae,Anas flavirostris,SPECIES,"2498065: Anas flavirostris Vieillot, 1816"
"Anas rhynchotis Latham, 1801",1,,2498145,Animalia,Chordata,Anseriformes,Aves,Anas,Anatidae,Anas rhynchotis,SPECIES,"9288935: Spatula rhynchotis (Latham, 1801)"
"Anas sibilatrix Poeppig, 1829",1,,2498110,Animalia,Chordata,Anseriformes,Aves,Anas,Anatidae,Anas sibilatrix,SPECIES,"2498110: Anas sibilatrix Poeppig, 1829 | 9508460: Mareca sibilatrix (Poeppig, 1829)"
Anemone blanda Schott & Kotschy,1,,3033242,Plantae,Tracheophyta,Ranunculales,Magnoliopsida,Anemone,Ranunculaceae,Anemone blanda,SPECIES,3033242: Anemone blanda Schott & Kotschy | 3922048: Anemonoides blanda (Schott & Kotschy) J.Holub
Angelica archangelica L.,1,,5371808,Plantae,Tracheophyta,Apiales,Magnoliopsida,Angelica,Apiaceae,Angelica archangelica,SPECIES,5371808: Angelica archangelica L.
"Anser cygnoides (Linnaeus, 1758)",1,,2498034,Animalia,Chordata,Anseriformes,Aves,Anser,Anatidae,Anser cygnoides,SPECIES,"2498034: Anser cygnoides (Linnaeus, 1758) | 9576332: Anser cygnoides f. domesticus"
"Anser indicus (Latham, 1790)",1,,2498035,Animalia,Chordata,Anseriformes,Aves,Anser,Anatidae,Anser indicus,SPECIES,"2498035: Anser indicus (Latham, 1790)"
Antirrhinum majus L.,1,,3172001,Plantae,Tracheophyta,Lamiales,Magnoliopsida,Antirrhinum,Plantaginaceae,Antirrhinum majus,SPECIES,3172001: Antirrhinum majus L.
Apera interrupta (L.) P.Beauv.,1,,5289643,Plantae,Tracheophyta,Poales,Liliopsida,Apera,Poaceae,Apera interrupta,SPECIES,5289643: Apera interrupta (L.) P.Beauv.
Araucaria araucana K.Koch,1,,2684984,Plantae,Tracheophyta,Pinales,Pinopsida,Araucaria,Araucariaceae,Araucaria araucana,SPECIES,2684984: Araucaria araucana (Molina) K.Koch | 2684984: Araucaria araucana K.Koch
"Armoracia rusticana P.Gaertn., B.Mey. & Scherb.",1,,3041022,Plantae,Tracheophyta,Brassicales,Magnoliopsida,Armoracia,Brassicaceae,Armoracia rusticana,SPECIES,"3041022: Armoracia rusticana G.Gaertn., B.Mey. & Scherb. | 3041022: Armoracia rusticana P.Gaertn., B.Mey. & Scherb. | 3690611: Armoracia rustica Schur | 5373398: Cochlearia armoracia L."
Atriplex micrantha Ledeb.,1,,3083680,Plantae,Tracheophyta,Caryophyllales,Magnoliopsida,Atriplex,Amaranthaceae,Atriplex micrantha,SPECIES,3083680: Atriplex micrantha Ledeb.
Avena sativa L.,1,,2705290,Plantae,Tracheophyta,Poales,Liliopsida,Avena,Poaceae,Avena sativa,SPECIES,2705290: Avena sativa L. | 7432992: Avena sativa var. sativa
Berteroa incana DC.,1,,3053522,Plantae,Tracheophyta,Brassicales,Magnoliopsida,Berteroa,Brassicaceae,Berteroa incana,SPECIES,3053522: Berteroa incana DC. | 3053529: Alyssum incanum L.
Bidens frondosa L.,1,,5392174,Plantae,Tracheophyta,Asterales,Magnoliopsida,Bidens,Asteraceae,Bidens frondosa,SPECIES,5392174: Bidens frondosa L. | 5700912: Bidens frondosa var. anomala Porter ex Fern. | 7872129: Bidens frondosa var. frondosa
Bistorta amplexicaulis (D.Don) Greene,1,,7291264,Plantae,Tracheophyta,Caryophyllales,Magnoliopsida,Bistorta,Polygonaceae,Bistorta amplexicaulis,SPECIES,4036951: Persicaria amplexicaulis (D.Don) L.P.Ronse Decraene | 7291264: Bistorta amplexicaulis (D.Don) Greene
Bromus inermis Leyss.,1,,2703670,Plantae,Tracheophyta,Poales,Liliopsida,Bromus,Poaceae,Bromus inermis,SPECIES,2703670: Bromus inermis Leyss. | 4112404: Bromopsis inermis (Leyss.) Holub | 6084941: Bromopsis inermis subsp. inermis
Bromus madritensis L.,1,,2703721,Plantae,Tracheophyta,Poales,Liliopsida,Bromus,Poaceae,Bromus madritensis,SPECIES,2703721: Bromus madritensis L. | 2703722: Anisantha madritensis (L.) Nevski
Bromus sitchensis Trin.,1,,2703698,Plantae,Tracheophyta,Poales,Liliopsida,Bromus,Poaceae,Bromus sitchensis,SPECIES,2703698: Bromus sitchensis Trin.
Calendula officinalis L.,1,,5391480,Plantae,Tracheophyta,Asterales,Magnoliopsida,Calendula,Asteraceae,Calendula officinalis,SPECIES,5391480: Calendula officinalis L.
"Cameraria ohridella Deschka & Dimic, 1986",1,,1749449,Animalia,Arthropoda,Lepidoptera,Insecta,Cameraria,Gracillariidae,Cameraria ohridella,SPECIES,"1749449: Cameraria ohridella Deschka & Dimic, 1986 | 10330573: BOLD:AAA1236"
Campanula poscharskyana Degen,1,,5410151,Plantae,Tracheophyta,Asterales,Magnoliopsida,Campanula,Campanulaceae,Campanula poscharskyana,SPECIES,5410151: Campanula poscharskyana Degen
"Campylopus introflexus Bridel, 1819",1,,5281901,Plantae,Bryophyta,Dicranales,Bryopsida,Campylopus,Dicranaceae,Campylopus introflexus,SPECIES,"5281901: Campylopus introflexus Bridel, 1819"
"Carassius auratus (Linnaeus, 1758)",1,,4286942,Animalia,Chordata,Cypriniformes,Actinopterygii,Carassius,Cyprinidae,Carassius auratus,SPECIES,"4286942: Carassius auratus (Linnaeus, 1758)"
"Carassius gibelio (Bloch, 1782)",1,,2366634,Animalia,Chordata,Cypriniformes,Actinopterygii,Carassius,Cyprinidae,Carassius gibelio,SPECIES,"2366634: Carassius gibelio (Bloch, 1782)"
Carduus pycnocephalus L.,1,,3114667,Plantae,Tracheophyta,Asterales,Magnoliopsida,Carduus,Asteraceae,Carduus pycnocephalus,SPECIES,3114667: Carduus pycnocephalus L.
Chaenorhinum origanifolium (L.) Kostel.,1,,7351929,Plantae,Tracheophyta,Lamiales,Magnoliopsida,Chaenorhinum,Plantaginaceae,Chaenorhinum origanifolium,SPECIES,7351929: Chaenorhinum origanifolium (L.) Kostel.
Chamaecyparis lawsoniana Parl.,1,,2683866,Plantae,Tracheophyta,Pinales,Pinopsida,Chamaecyparis,Cupressaceae,Chamaecyparis lawsoniana,SPECIES,2683866: Chamaecyparis lawsoniana Parl.
Chamaemelum nobile All.,1,,5391599,Plantae,Tracheophyta,Asterales,Magnoliopsida,Chamaemelum,Asteraceae,Chamaemelum nobile,SPECIES,3105279: Anthemis nobilis L. | 5391599: Chamaemelum nobile All.
Cotoneaster ×watereri Exell,1,,3026004,Plantae,Tracheophyta,Rosales,Magnoliopsida,Cotoneaster,Rosaceae,Cotoneaster watereri,SPECIES,3026004: Cotoneaster ×watereri Exell
Cotoneaster rehderi Pojark.,1,,3026160,Plantae,Tracheophyta,Rosales,Magnoliopsida,Cotoneaster,Rosaceae,Cotoneaster rehderi,SPECIES,3026160: Cotoneaster rehderi Pojark.
Crocus tommasinianus Herb.,1,,2747564,Plantae,Tracheophyta,Asparagales,Liliopsida,Crocus,Iridaceae,Crocus tommasinianus,SPECIES,2747564: Crocus tommasinianus Herb.
"Ctenopharyngodon idella (Valenciennes, 1844)",1,,2362030,Animalia,Chordata,Cypriniformes,Actinopterygii,Ctenopharyngodon,Cyprinidae,Ctenopharyngodon idella,SPECIES,"2362030: Ctenopharyngodon idella (Valenciennes, 1844)"
Cyclamen coum Mill.,1,,7127354,Plantae,Tracheophyta,Ericales,Magnoliopsida,Cyclamen,Primulaceae,Cyclamen coum,SPECIES,7127354: Cyclamen coum Mill.
Cyclamen hederifolium Aiton,1,,7127810,Plantae,Tracheophyta,Ericales,Magnoliopsida,Cyclamen,Primulaceae,Cyclamen hederifolium,SPECIES,7127810: Cyclamen hederifolium Aiton
"Cygnus atratus (Latham, 1790)",1,,2498344,Animalia,Chordata,Anseriformes,Aves,Cygnus,Anatidae,Cygnus atratus,SPECIES,"2498344: Cygnus atratus (Latham, 1790)"
"Cynomys ludovicianus (Ord, 1815)",1,,2437232,Animalia,Chordata,Rodentia,Mammalia,Cynomys,Sciuridae,Cynomys ludovicianus,SPECIES,"2437232: Cynomys ludovicianus (Ord, 1815)"
"Dama dama (Linnaeus, 1758)",1,,5220136,Animalia,Chordata,Artiodactyla,Mammalia,Dama,Cervidae,Dama dama,SPECIES,"5220136: Dama dama (Linnaeus, 1758)"
Dipsacus strigosus Willd.,1,,7443846,Plantae,Tracheophyta,Dipsacales,Magnoliopsida,Dipsacus,Caprifoliaceae,Dipsacus strigosus,SPECIES,4104284: Dipsacus strigosus Willd. ex Roem. & Schult.
"Dorypteryx domestica (Smithers & Courtenay, 1958)",1,,1031742,Animalia,Arthropoda,Psocodea,Insecta,Dorypteryx,Psyllipsocidae,Dorypteryx domestica,SPECIES,"1031742: Dorypteryx domestica (Smithers & Courtenay, 1958)"
"Eclectus roratus (Statius Muller, 1776)",1,,2480075,Animalia,Chordata,Psittaciformes,Aves,Eclectus,Psittacidae,Eclectus roratus,SPECIES,"2480075: Eclectus roratus (Statius Muller, 1776)"
"Ectopsocus briggsi McLachlan, 1899",1,,1031400,Animalia,Arthropoda,Psocodea,Insecta,Ectopsocus,Ectopsocidae,Ectopsocus briggsi,SPECIES,"1031400: Ectopsocus briggsi McLachlan, 1899"
Elodea canadensis Michx.,1,,2865448,Plantae,Tracheophyta,Alismatales,Liliopsida,Elodea,Hydrocharitaceae,Elodea canadensis,SPECIES,2865448: Elodea canadensis Michx.
Eranthis hyemalis Salisb.,1,,3033227,Plantae,Tracheophyta,Ranunculales,Magnoliopsida,Eranthis,Ranunculaceae,Eranthis hyemalis,SPECIES,3033227: Eranthis hyemalis Salisb.
"Erigeron annuus (L.) Desf., 1804",1,,8392258,Plantae,Tracheophyta,Asterales,Magnoliopsida,Erigeron,Asteraceae,Erigeron annuus,SPECIES,"6298108: Erigeron annuus var. annuus | 8341904: Stenactis annua (L.) Cass. ex Less., 1832 | 8392258: Erigeron annuus (L.) Desf. | 8392258: Erigeron annuus (L.) Desf., 1804"
Erigeron karvinskianus DC.,1,,3147168,Plantae,Tracheophyta,Asterales,Magnoliopsida,Erigeron,Asteraceae,Erigeron karvinskianus,SPECIES,3147168: Erigeron karvinskianus DC.
Erythranthe guttata (DC.) G.L.Nesom,1,,7346102,Plantae,Tracheophyta,Lamiales,Magnoliopsida,Erythranthe,Phrymaceae,Erythranthe guttata,SPECIES,6070603: Mimulus guttatus Fisch. ex DC.
Eschscholzia californica Cham.,1,,2888380,Plantae,Tracheophyta,Ranunculales,Magnoliopsida,Eschscholzia,Papaveraceae,Eschscholzia californica,SPECIES,2888380: Eschscholzia californica Cham.
Euphorbia maculata L.,1,,3067119,Plantae,Tracheophyta,Malpighiales,Magnoliopsida,Euphorbia,Euphorbiaceae,Euphorbia maculata,SPECIES,3067119: Euphorbia maculata L. | 3067128: Chamaesyce maculata (L.) Small
Euphorbia prostrata Aiton,1,,3067891,Plantae,Tracheophyta,Malpighiales,Magnoliopsida,Euphorbia,Euphorbiaceae,Euphorbia prostrata,SPECIES,3067891: Euphorbia prostrata Aiton | 3069518: Chamaesyce prostrata (Aiton) Small
Eutrochium maculatum (L.) E.E.Lamont,1,,3138195,Plantae,Tracheophyta,Asterales,Magnoliopsida,Eutrochium,Asteraceae,Eutrochium maculatum,SPECIES,5401612: Eupatorium maculatum L.
Fragaria ananassa (Weston) Duchesne ex Rozier,1,,3029912,Plantae,Tracheophyta,Rosales,Magnoliopsida,Fragaria,Rosaceae,Fragaria ananassa,SPECIES,3029912: Fragaria ananassa (Weston) Duchesne ex Rozier
Fraxinus ornus L.,1,,3172347,Plantae,Tracheophyta,Lamiales,Magnoliopsida,Fraxinus,Oleaceae,Fraxinus ornus,SPECIES,3172347: Fraxinus ornus L.
"Gallus gallus (Linnaeus, 1758)",1,,9326020,Animalia,Chordata,Galliformes,Aves,Gallus,Phasianidae,Gallus gallus,SPECIES,"7548673: Gallus gallus domesticus (Linnaeus, 1758) | 9326020: Gallus gallus (Linnaeus, 1758) | 9457155: Gallus gallus f. domesticus"
Geranium endressii J.Gay,1,,2890502,Plantae,Tracheophyta,Geraniales,Magnoliopsida,Geranium,Geraniaceae,Geranium endressii,SPECIES,2890502: Geranium endressii J.Gay
Geranium macrorrhizum L.,1,,2891079,Plantae,Tracheophyta,Geraniales,Magnoliopsida,Geranium,Geraniaceae,Geranium macrorrhizum,SPECIES,2891079: Geranium macrorrhizum L.
Geranium nodosum L.,1,,2890287,Plantae,Tracheophyta,Geraniales,Magnoliopsida,Geranium,Geraniaceae,Geranium nodosum,SPECIES,2890287: Geranium nodosum L.
Gleditsia triacanthos L.,1,,2959443,Plantae,Tracheophyta,Fabales,Magnoliopsida,Gleditsia,Fabaceae,Gleditsia triacanthos,SPECIES,2959443: Gleditsia triacanthos L.
Gymnosporangium sabinae (Dicks.) G.Winter,1,,2516137,Fungi,Basidiomycota,Pucciniales,Pucciniomycetes,Gymnosporangium,Pucciniaceae,Gymnosporangium sabinae,SPECIES,2516137: Gymnosporangium sabinae (Dicks.) G.Winter
Helianthus annuus L.,1,,9206251,Plantae,Tracheophyta,Asterales,Magnoliopsida,Helianthus,Asteraceae,Helianthus annuus,SPECIES,4252379: Helianthus annuus f. silvester Thell. | 9206251: Helianthus annuus L.
Helianthus laetiflorus Pers.,1,,3119181,Plantae,Tracheophyta,Asterales,Magnoliopsida,Helianthus,Asteraceae,Helianthus laetiflorus,SPECIES,3119181: Helianthus laetiflorus Pers.
Helianthus tuberosus L.,1,,3119175,Plantae,Tracheophyta,Asterales,Magnoliopsida,Helianthus,Asteraceae,Helianthus tuberosus,SPECIES,3119175: Helianthus tuberosus L.
Hepatica nobilis Schreb.,1,,5371699,Plantae,Tracheophyta,Ranunculales,Magnoliopsida,Hepatica,Ranunculaceae,Hepatica nobilis,SPECIES,5371699: Hepatica nobilis Schreb.
Hesperis matronalis L.,1,,3042291,Plantae,Tracheophyta,Brassicales,Magnoliopsida,Hesperis,Brassicaceae,Hesperis matronalis,SPECIES,3042291: Hesperis matronalis L.
Houttuynia cordata Thunb.,1,,5384931,Plantae,Tracheophyta,Piperales,Magnoliopsida,Houttuynia,Saururaceae,Houttuynia cordata,SPECIES,5384931: Houttuynia cordata Thunb.
Hypericum calycinum L.,1,,3189497,Plantae,Tracheophyta,Malpighiales,Magnoliopsida,Hypericum,Hypericaceae,Hypericum calycinum,SPECIES,3189497: Hypericum calycinum L.
Hyssopus officinalis L.,1,,5341387,Plantae,Tracheophyta,Lamiales,Magnoliopsida,Hyssopus,Lamiaceae,Hyssopus officinalis,SPECIES,5341387: Hyssopus officinalis L. | 7522399: Hyssopus officinalis var. aristatus (Godr.) Briq.
Impatiens balfourii Hook.f.,1,,2891783,Plantae,Tracheophyta,Ericales,Magnoliopsida,Impatiens,Balsaminaceae,Impatiens balfourii,SPECIES,2891783: Impatiens balfourii Hook.f.
Juglans nigra L.,1,,3054357,Plantae,Tracheophyta,Fagales,Magnoliopsida,Juglans,Juglandaceae,Juglans nigra,SPECIES,3054357: Juglans nigra L.
Kerria japonica (L.) DC.,1,,5371450,Plantae,Tracheophyta,Rosales,Magnoliopsida,Kerria,Rosaceae,Kerria japonica,SPECIES,5371450: Kerria japonica (L.) DC.
Laburnum anagyroides Medik.,1,,5356345,Plantae,Tracheophyta,Fabales,Magnoliopsida,Laburnum,Fabaceae,Laburnum anagyroides,SPECIES,5356345: Laburnum anagyroides Medik.
Larix decidua Mill.,1,,2686212,Plantae,Tracheophyta,Pinales,Pinopsida,Larix,Pinaceae,Larix decidua,SPECIES,2686212: Larix decidua Mill.
Lathyrus niger Bernh.,1,,5356662,Plantae,Tracheophyta,Fabales,Magnoliopsida,Lathyrus,Fabaceae,Lathyrus niger,SPECIES,5356662: Lathyrus niger Bernh.
Lavandula angustifolia Mill.,1,,2927305,Plantae,Tracheophyta,Lamiales,Magnoliopsida,Lavandula,Lamiaceae,Lavandula angustifolia,SPECIES,2927305: Lavandula angustifolia Mill.
Lemna minuta Kunth,1,,2867614,Plantae,Tracheophyta,Alismatales,Liliopsida,Lemna,Araceae,Lemna minuta,SPECIES,2867614: Lemna minuta Kunth
Lemna turionifera E.Landolt,1,,2867631,Plantae,Tracheophyta,Alismatales,Liliopsida,Lemna,Araceae,Lemna turionifera,SPECIES,2867631: Lemna turionifera E.Landolt
Lepidium sativum L.,1,,5376565,Plantae,Tracheophyta,Brassicales,Magnoliopsida,Lepidium,Brassicaceae,Lepidium sativum,SPECIES,5376565: Lepidium sativum L.
Levisticum officinale W.D.J.Koch,1,,5371772,Plantae,Tracheophyta,Apiales,Magnoliopsida,Levisticum,Apiaceae,Levisticum officinale,SPECIES,5371772: Levisticum officinale W.D.J.Koch
Limnobium laevigatum (Willd.) Heine,1,,5329643,Plantae,Tracheophyta,Alismatales,Liliopsida,Limnobium,Hydrocharitaceae,Limnobium laevigatum,SPECIES,5329643: Limnobium laevigatum (Willd.) Heine
Linaria purpurea Mill.,1,,5415012,Plantae,Tracheophyta,Lamiales,Magnoliopsida,Linaria,Plantaginaceae,Linaria purpurea,SPECIES,5415012: Linaria purpurea Mill.
Linum grandiflorum Desf.,1,,2873926,Plantae,Tracheophyta,Malpighiales,Magnoliopsida,Linum,Linaceae,Linum grandiflorum,SPECIES,2873926: Linum grandiflorum Desf.
"Lonchura punctulata (Linnaeus, 1758)",1,,2493598,Animalia,Chordata,Passeriformes,Aves,Lonchura,Estrildidae,Lonchura punctulata,SPECIES,"2493598: Lonchura punctulata (Linnaeus, 1758)"
Lonicera tatarica L.,1,,5334242,Plantae,Tracheophyta,Dipsacales,Magnoliopsida,Lonicera,Caprifoliaceae,Lonicera tatarica,SPECIES,5334242: Lonicera tatarica L.
Lophocolea semiteres (Lehm.) Mitt.,1,,6096602,Plantae,Marchantiophyta,Jungermanniales,Jungermanniopsida,Lophocolea,Lophocoleaceae,Lophocolea semiteres,SPECIES,6096602: Lophocolea semiteres (Lehm.) Mitt.
Lupinus polyphyllus Lindl.,1,,2964355,Plantae,Tracheophyta,Fabales,Magnoliopsida,Lupinus,Fabaceae,Lupinus polyphyllus,SPECIES,2964355: Lupinus polyphyllus Lindl.
"Melopsittacus undulatus (Shaw, 1805)",1,,2479798,Animalia,Chordata,Psittaciformes,Aves,Melopsittacus,Psittacidae,Melopsittacus undulatus,SPECIES,"2479798: Melopsittacus undulatus (Shaw, 1805)"
Miscanthus sinensis Andersson,1,,2706026,Plantae,Tracheophyta,Poales,Liliopsida,Miscanthus,Poaceae,Miscanthus sinensis,SPECIES,2706026: Miscanthus sinensis Andersson
"Monomorium pharaonis (Linnaeus, 1758)",1,,1314773,Animalia,Arthropoda,Hymenoptera,Insecta,Monomorium,Formicidae,Monomorium pharaonis,SPECIES,"1314773: Monomorium pharaonis (Linnaeus, 1758)"
Muscari armeniacum Baker,1,,2772174,Plantae,Tracheophyta,Asparagales,Liliopsida,Muscari,Asparagaceae,Muscari armeniacum,SPECIES,2772174: Muscari armeniacum Baker
"Nandayus nenday (Vieillot, 1823)",1,,2480102,Animalia,Chordata,Psittaciformes,Aves,Nandayus,Psittacidae,Nandayus nenday,SPECIES,"8257325: Aratinga nenday (Vieillot, 1823)"
"Netta peposaca (Vieillot, 1816)",1,,2498181,Animalia,Chordata,Anseriformes,Aves,Netta,Anatidae,Netta peposaca,SPECIES,"2498181: Netta peposaca (Vieillot, 1816)"
Nonea lutea DC.,1,,2926042,Plantae,Tracheophyta,Boraginales,Magnoliopsida,Nonea,Boraginaceae,Nonea lutea,SPECIES,2926042: Nonea lutea DC.
"Nysius huttoni White & F.B., 1878",1,,4486365,Animalia,Arthropoda,Hemiptera,Insecta,Nysius,Lygaeidae,Nysius huttoni,SPECIES,"4486365: Nysius huttoni White & F.B., 1878"
Onobrychis viciifolia Scop.,1,,2972595,Plantae,Tracheophyta,Fabales,Magnoliopsida,Onobrychis,Fabaceae,Onobrychis viciifolia,SPECIES,2972595: Onobrychis viciifolia Scop. | 2972598: Onobrychis sativa Lam.
"Onychognathus tristramii (P.L.Sclater, 1858)",1,,5230734,Animalia,Chordata,Passeriformes,Aves,Onychognathus,Sturnidae,Onychognathus tristramii,SPECIES,"5230734: Onychognathus tristramii (P.L.Sclater, 1858)"
"Orconectes limosus (Rafinesque, 1817)",1,,2227000,Animalia,Arthropoda,Decapoda,Malacostraca,Orconectes,Cambaridae,Orconectes limosus,SPECIES,"2227000: Orconectes limosus (Rafinesque, 1817)"
Ornithogalum nutans L.,1,,2773281,Plantae,Tracheophyta,Asparagales,Liliopsida,Ornithogalum,Asparagaceae,Ornithogalum nutans,SPECIES,2773281: Ornithogalum nutans L.
"Orthodontium lineare Schwaegrichen, 1827",1,,2677047,Plantae,Bryophyta,Bryales,Bryopsida,Orthodontium,Bryaceae,Orthodontium lineare,SPECIES,"2677047: Orthodontium lineare Schwaegrichen, 1827"
"Oxyura jamaicensis (Gmelin, 1789)",1,,2498305,Animalia,Chordata,Anseriformes,Aves,Oxyura,Anatidae,Oxyura jamaicensis,SPECIES,"2498305: Oxyura jamaicensis (Gmelin, 1789)"
Pachysandra terminalis Siebold & Zucc.,1,,2984676,Plantae,Tracheophyta,Buxales,Magnoliopsida,Pachysandra,Buxaceae,Pachysandra terminalis,SPECIES,2984676: Pachysandra terminalis Siebold & Zucc.
Panicum capillare L.,1,,2705162,Plantae,Tracheophyta,Poales,Liliopsida,Panicum,Poaceae,Panicum capillare,SPECIES,2705162: Panicum capillare L. | 6313647: Panicum capillare subsp. barbipulvinatum (Nash ex Rydb.) Tzvelev | 6449040: Panicum capillare subsp. capillare
Parthenocissus quinquefolia (L.) Planch.,1,,3039194,Plantae,Tracheophyta,Vitales,Magnoliopsida,Parthenocissus,Vitaceae,Parthenocissus quinquefolia,SPECIES,3039194: Parthenocissus quinquefolia (L.) Planch.
Paulownia tomentosa Steud.,1,,3170823,Plantae,Tracheophyta,Lamiales,Magnoliopsida,Paulownia,Paulowniaceae,Paulownia tomentosa,SPECIES,3170823: Paulownia tomentosa Steud.
"Pelophylax bedriagae (Camerano, 1882)",1,,2426640,Animalia,Chordata,Anura,Amphibia,Pelophylax,Ranidae,Pelophylax bedriagae,SPECIES,"2426640: Pelophylax bedriagae (Camerano, 1882)"
Petasites albus Gaertn.,1,,7749287,Plantae,Tracheophyta,Asterales,Magnoliopsida,Petasites,Asteraceae,Petasites albus,SPECIES,7749287: Petasites albus Gaertn.
Phacelia tanacetifolia Benth.,1,,2928226,Plantae,Tracheophyta,Boraginales,Magnoliopsida,Phacelia,Hydrophyllaceae,Phacelia tanacetifolia,SPECIES,2928226: Phacelia tanacetifolia Benth.
Phedimus spurius (M.Bieb.) 't Hart,1,,4201607,Plantae,Tracheophyta,Saxifragales,Magnoliopsida,Phedimus,Crassulaceae,Phedimus spurius,SPECIES,4201607: Phedimus spurius (M.Bieb.) 't Hart | 5362018: Sedum spurium Bieb.
Philadelphus coronarius L.,1,,2986045,Plantae,Tracheophyta,Cornales,Magnoliopsida,Philadelphus,Hydrangeaceae,Philadelphus coronarius,SPECIES,2986045: Philadelphus coronarius L.
Phlox paniculata L.,1,,2927744,Plantae,Tracheophyta,Ericales,Magnoliopsida,Phlox,Polemoniaceae,Phlox paniculata,SPECIES,2927744: Phlox paniculata L.
Pilosella caespitosa (Dumort.) P.D.Sell & C.West,1,,3123663,Plantae,Tracheophyta,Asterales,Magnoliopsida,Pilosella,Asteraceae,Pilosella caespitosa,SPECIES,3123663: Pilosella caespitosa (Dumort.) P.D.Sell & C.West | 3135273: Hieracium caespitosum Dumort.
"Platycercus elegans (Gmelin, 1788)",1,,2479311,Animalia,Chordata,Psittaciformes,Aves,Platycercus,Psittacidae,Platycercus elegans,SPECIES,"2479311: Platycercus elegans (Gmelin, 1788)"
"Pontastacus leptodactylus (Eschscholtz, 1823)",1,,8946295,Animalia,Arthropoda,Decapoda,Malacostraca,Pontastacus,Astacidae,Pontastacus leptodactylus,SPECIES,"4417551: Astacus leptodactylus Eschscholtz, 1823 | 8946295: Pontastacus leptodactylus (Eschscholtz, 1823)"
Potentilla intermedia L.,1,,5365705,Plantae,Tracheophyta,Rosales,Magnoliopsida,Potentilla,Rosaceae,Potentilla intermedia,SPECIES,5365705: Potentilla intermedia L.
Potentilla norvegica L.,1,,5365305,Plantae,Tracheophyta,Rosales,Magnoliopsida,Potentilla,Rosaceae,Potentilla norvegica,SPECIES,5365305: Potentilla norvegica L. | 5365312: Potentilla norvegica subsp. hirsuta (Michx.) Hyl. | 5365321: Potentilla norvegica subsp. monspeliensis (L.) Aschers. & Graebn. | 8042863: Potentilla norvegica var. norvegica
"Procyon lotor (Linnaeus, 1758)",1,,5218786,Animalia,Chordata,Carnivora,Mammalia,Procyon,Procyonidae,Procyon lotor,SPECIES,"5218786: Procyon lotor (Linnaeus, 1758)"
"Pseudorasbora parva (Temminck & Schlegel, 1846)",1,,2362868,Animalia,Chordata,Cypriniformes,Actinopterygii,Pseudorasbora,Cyprinidae,Pseudorasbora parva,SPECIES,"2362868: Pseudorasbora parva (Temminck & Schlegel, 1846)"
"Psittacula derbiana (Fraser, 1852)",1,,5229072,Animalia,Chordata,Psittaciformes,Aves,Psittacula,Psittacidae,Psittacula derbiana,SPECIES,"5229072: Psittacula derbiana (Fraser, 1852)"
Quercus palustris Münchh.,1,,8313153,Plantae,Tracheophyta,Fagales,Magnoliopsida,Quercus,Fagaceae,Quercus palustris,SPECIES,8313153: Quercus palustris Münchh.
Rapistrum rugosum (L.) All.,1,,5373368,Plantae,Tracheophyta,Brassicales,Magnoliopsida,Rapistrum,Brassicaceae,Rapistrum rugosum,SPECIES,5373368: Rapistrum rugosum (L.) All. | 5373370: Rapistrum rugosum subsp. orientale (L.) Arcang. | 5373375: Rapistrum rugosum subsp. linnaeanum Rouy & Foucaud | 5373377: Rapistrum rugosum subsp. rugosum
Ricinus communis L.,1,,5380041,Plantae,Tracheophyta,Malpighiales,Magnoliopsida,Ricinus,Euphorbiaceae,Ricinus communis,SPECIES,5380041: Ricinus communis L.
Rostraria cristata (L.) Tzvelev,1,,5289906,Plantae,Tracheophyta,Poales,Liliopsida,Rostraria,Poaceae,Rostraria cristata,SPECIES,2705915: Koeleria cristata (L.) Bertol. | 5289906: Rostraria cristata (L.) Tzvelev
Rubus phoenicolasius Maxim.,1,,2995149,Plantae,Tracheophyta,Rosales,Magnoliopsida,Rubus,Rosaceae,Rubus phoenicolasius,SPECIES,2995149: Rubus phoenicolasius Maxim.
Rudbeckia hirta L.,1,,3114225,Plantae,Tracheophyta,Asterales,Magnoliopsida,Rudbeckia,Asteraceae,Rudbeckia hirta,SPECIES,3114225: Rudbeckia hirta L.
Salix pentandra L.,1,,5372647,Plantae,Tracheophyta,Malpighiales,Magnoliopsida,Salix,Salicaceae,Salix pentandra,SPECIES,5372647: Salix pentandra L.
"Sander lucioperca (Linnaeus, 1758)",1,,2382155,Animalia,Chordata,Perciformes,Actinopterygii,Sander,Percidae,Sander lucioperca,SPECIES,"2382155: Sander lucioperca (Linnaeus, 1758)"
"Sarkidiornis melanotos (Pennant, 1769)",1,,2498001,Animalia,Chordata,Anseriformes,Aves,Sarkidiornis,Anatidae,Sarkidiornis melanotos,SPECIES,"2498001: Sarkidiornis melanotos (Pennant, 1769)"
Sasa palmata E.G.Camus,1,,8362005,Plantae,Tracheophyta,Poales,Liliopsida,Sasa,Poaceae,Sasa palmata,SPECIES,8362005: Sasa palmata E.G.Camus
Scabiosa ochroleuca L.,1,,2888806,Plantae,Tracheophyta,Dipsacales,Magnoliopsida,Scabiosa,Caprifoliaceae,Scabiosa ochroleuca,SPECIES,2888806: Scabiosa ochroleuca L.
Scilla sardensis (Barr & Sugden) Speta,1,,2767229,Plantae,Tracheophyta,Asparagales,Liliopsida,Scilla,Asparagaceae,Scilla sardensis,SPECIES,2767230: Chionodoxa sardensis Whittall ex Barr & Sayden
Sedum hispanicum L.,1,,5361982,Plantae,Tracheophyta,Saxifragales,Magnoliopsida,Sedum,Crassulaceae,Sedum hispanicum,SPECIES,5361982: Sedum hispanicum L.
"Serinus canaria (Linnaeus, 1758)",1,,2494303,Animalia,Chordata,Passeriformes,Aves,Serinus,Fringillidae,Serinus canaria,SPECIES,"2494303: Serinus canaria (Linnaeus, 1758)"
Setaria italica P.Beauv.,1,,5289698,Plantae,Tracheophyta,Poales,Liliopsida,Setaria,Poaceae,Setaria italica,SPECIES,5289698: Setaria italica P.Beauv. | 5674099: Setaria germanica (Mill.) P.Beauv. | 5678602: Setaria italica var. germanica (Mill.) Griseb.
Silybum marianum Gaertn.,1,,3145214,Plantae,Tracheophyta,Asterales,Magnoliopsida,Silybum,Asteraceae,Silybum marianum,SPECIES,3145214: Silybum marianum Gaertn.
Sinapis alba L.,1,,3047621,Plantae,Tracheophyta,Brassicales,Magnoliopsida,Sinapis,Brassicaceae,Sinapis alba,SPECIES,3047621: Sinapis alba L.
Sisymbrium altissimum L.,1,,3046736,Plantae,Tracheophyta,Brassicales,Magnoliopsida,Sisymbrium,Brassicaceae,Sisymbrium altissimum,SPECIES,3046736: Sisymbrium altissimum L.
Sisymbrium orientale L.,1,,3046812,Plantae,Tracheophyta,Brassicales,Magnoliopsida,Sisymbrium,Brassicaceae,Sisymbrium orientale,SPECIES,3046812: Sisymbrium orientale L. | 7774651: Sisymbrium orientale var. subhastatum (Willd.) O.E.Schulz
Solanum tuberosum L.,1,,2930262,Plantae,Tracheophyta,Solanales,Magnoliopsida,Solanum,Solanaceae,Solanum tuberosum,SPECIES,2930262: Solanum tuberosum L.
Soleirolia soleirolii (Req.) Dandy,1,,2984366,Plantae,Tracheophyta,Rosales,Magnoliopsida,Soleirolia,Urticaceae,Soleirolia soleirolii,SPECIES,2984366: Soleirolia soleirolii (Req.) Dandy
Sorghum halepense Pers.,1,,2705185,Plantae,Tracheophyta,Poales,Liliopsida,Sorghum,Poaceae,Sorghum halepense,SPECIES,2705185: Sorghum halepense Pers.
Spiraea ×billardii Hérincq,1,,7889822,Plantae,Tracheophyta,Rosales,Magnoliopsida,Spiraea,Rosaceae,Spiraea billardii,SPECIES,3026444: Spiraea ×pseudosalicifolia Silverside | 7889822: Spiraea ×billardii Hérincq
Spiraea japonica L.f.,1,,8170635,Plantae,Tracheophyta,Rosales,Magnoliopsida,Spiraea,Rosaceae,Spiraea japonica,SPECIES,3027068: Spiraea ×bumalda Burv. | 8170635: Spiraea japonica L.f.
"Streptopelia senegalensis (Linnaeus, 1766)",1,,2495659,Animalia,Chordata,Columbiformes,Aves,Streptopelia,Columbidae,Streptopelia senegalensis,SPECIES,"6101223: Spilopelia senegalensis (Linnaeus, 1766)"
Symphytum asperum Lepech.,1,,2926066,Plantae,Tracheophyta,Boraginales,Magnoliopsida,Symphytum,Boraginaceae,Symphytum asperum,SPECIES,2926066: Symphytum asperum Lepech. | 2926067: Symphytum asperrimum Sims
Symphytum grandiflorum DC.,1,,4067302,Plantae,Tracheophyta,Boraginales,Magnoliopsida,Symphytum,Boraginaceae,Symphytum grandiflorum,SPECIES,4067302: Symphytum grandiflorum DC.
"Taeniopygia guttata (Vieillot, 1817)",1,,2493633,Animalia,Chordata,Passeriformes,Aves,Taeniopygia,Estrildidae,Taeniopygia guttata,SPECIES,"2493633: Taeniopygia guttata (Vieillot, 1817)"
"Tamias sibiricus (Laxmann, 1769)",1,,2437450,Animalia,Chordata,Rodentia,Mammalia,Tamias,Sciuridae,Tamias sibiricus,SPECIES,"2437450: Tamias sibiricus (Laxmann, 1769) | 10602587: Eutamias sibiricus (Laxmann, 1769)"
Tellima grandiflora (Pursh) Douglas ex Lindl.,1,,3032698,Plantae,Tracheophyta,Saxifragales,Magnoliopsida,Tellima,Saxifragaceae,Tellima grandiflora,SPECIES,3032698: Tellima grandiflora (Pursh) Douglas ex Lindl.
Thymus vulgaris L.,1,,5341442,Plantae,Tracheophyta,Lamiales,Magnoliopsida,Thymus,Lamiaceae,Thymus vulgaris,SPECIES,5341442: Thymus vulgaris L.
Tragopogon porrifolius L.,1,,5386938,Plantae,Tracheophyta,Asterales,Magnoliopsida,Tragopogon,Asteraceae,Tragopogon porrifolius,SPECIES,5386938: Tragopogon porrifolius L.
Tropaeolum majus L.,1,,2889934,Plantae,Tracheophyta,Brassicales,Magnoliopsida,Tropaeolum,Tropaeolaceae,Tropaeolum majus,SPECIES,2889934: Tropaeolum majus L.
Tsuga heterophylla Sarg.,1,,2687210,Plantae,Tracheophyta,Pinales,Pinopsida,Tsuga,Pinaceae,Tsuga heterophylla,SPECIES,2687210: Tsuga heterophylla Sarg.
"Uloborus plumipes Lucas, 1846",1,,2142456,Animalia,Arthropoda,Araneae,Arachnida,Uloborus,Uloboridae,Uloborus plumipes,SPECIES,"2142456: Uloborus plumipes Lucas, 1846"
Verbena rigida Spreng.,1,,2925496,Plantae,Tracheophyta,Lamiales,Magnoliopsida,Verbena,Verbenaceae,Verbena rigida,SPECIES,2925496: Verbena rigida Spreng.
Viburnum tinus L.,1,,2888585,Plantae,Tracheophyta,Dipsacales,Magnoliopsida,Viburnum,Adoxaceae,Viburnum tinus,SPECIES,2888585: Viburnum tinus L.
Vicia faba L.,1,,2974832,Plantae,Tracheophyta,Fabales,Magnoliopsida,Vicia,Fabaceae,Vicia faba,SPECIES,2974832: Vicia faba L.
"Zoropsis spinimana (Dufour, 1820)",1,,2153287,Animalia,Arthropoda,Araneae,Arachnida,Zoropsis,Zoropsidae,Zoropsis spinimana,SPECIES,"2153287: Zoropsis spinimana (Dufour, 1820)"
